,Unnamed: 0,brand,model,prod_class,url,Analog_surround_sound_out,Battery_capacity,Blu_ray_or_DVD,Blu_ray_reader,Built_in_microphone,Built_in_webcam,Depth,Digital_video_out,Display_size,DisplayPort_video_out,DVI_video_out,Energy_Star,EPEAT_level,Facial_recognition,Fingerprint_reader,Free_memory_slot,Gigabit_Ethernet,Hand_gesture_control,HDMI_output,HDMI_video_in,HDMI_video_out,Height,LCD_resolution,Memory,Memory_card_reader,MS_Memory_Stick_reader,Multitouch_touchpad,Number_of_free_USB_ports,Number_of_speakers,Number_of_USB_ports,Operating_system_as_tested_,Optical_digital_audio_out,Optical_drive,Processor,SD/MMC_reader,Storage,Suitable_for_gaming,Tech_support_length,Thunderbolt_port,Touchpad,USB_sleep_and_charge,VGA_video_out,Video_adapter,Video_memory,Voice_command,Warranty_length,Width,WiFi,WiFi_type,Wireless_keyboard,Wireless_mouse,xD_reader,Has_Facial_recognition,Has_FingerPrintReader
0,1,Acer,Aspire E5-574-53QS computer,laptop,https://www.consumerreports.org/products/laptop/acer-aspire-e5-574-53qs-385910/specs,,37.0,D,,,,10.2,Yes,15.6,,No,Yes,,No,No,,1,No,Yes,,,1.2,1366 x 768,4,Yes,,,,,3.0,Windows 10 Home,,CD/DVD burner,Intel Core i5-6200U 2.3GHz,,1000,,12,0,,Yes,Yes,Intel HD Graphics 520,,,12,15.0,,802.11ac,,,,0,0
1,2,Acer,Aspire E5-575T-3678 computer,laptop,https://www.consumerreports.org/products/laptop/acer-aspire-e5-575t-3678-388641/specs,,41.0,D,,,,10.2,Yes,15.6,,No,Yes,,No,No,,1,No,Yes,,,1.3,1366 x 768,8,Yes,,,,,4.0,Windows 10 Home,,CD/DVD burner,Intel Core i3-6006U 2GHz,,1000,,12,0,,No,Yes,Intel HD Graphics 520,,,12,15.0,,802.11ac,,,,0,0
2,3,Acer,Aspire ES 15 E5-573-35JA computer,laptop,https://www.consumerreports.org/products/laptop/acer-aspire-es-15-e5-573-35ja-386283/specs,,37.0,D,,,,10.2,Yes,15.6,,No,Yes,,No,No,,1,No,Yes,,,1.2,1366 x 768,4,Yes,,,,,3.0,Windows 10 Home,,CD/DVD burner,Intel Core i3-5005U 2GHz,,500,,12,0,,Yes,Yes,Intel HD Graphics 5500,,,12,15.0,,802.11ac,,,,0,0
3,4,Acer,Aspire ES1-533-C55P computer,laptop,https://www.consumerreports.org/products/laptop/acer-aspire-es1-533-c55p-388642/specs,,37.0,None,,,,10.3,Yes,15.6,,No,Yes,,No,No,,1,No,Yes,,,1.1,1366 x 768,4,Yes,,,,,3.0,Windows 10 Home,,None,Intel Celeron N3350 1.1GHz,,500,,12,0,,No,No,Intel HD Graphics 500,,,12,15.1,,802.11ac,,,,0,0
4,5,Acer,Aspire ES1-571-P1MG computer,laptop,https://www.consumerreports.org/products/laptop/acer-aspire-es1-571-p1mg-386346/specs,,38.0,D,,,,10.1,Yes,15.6,,No,Yes,,No,No,,1,No,Yes,,,1.2,1366 x 768,4,Yes,,,,,3.0,Windows 10 Home,,CD/DVD burner,Intel Pentium 3556U 1.7GHz,,500,,12,0,,No,No,Intel HD Graphics,,,12,15.1,,802.11ac,,,,0,0
5,6,Acer,Aspire F5-573-505W computer,laptop,https://www.consumerreports.org/products/laptop/acer-aspire-f5-573-505w-386465/specs,,41.0,D,,,,10.2,Yes,15.6,,No,No,,No,No,,1,No,Yes,,,1.1,1366 x 768,8,Yes,,,,,4.0,Windows 10 Home,,CD/DVD burner,Intel Core i5-6200U 2.3GHz,,1000,,12,1,,Yes,Yes,Intel HD Graphics 520,,,12,15.0,,802.11ac,,,,0,0
6,7,Acer,Aspire Nitro VN7- 592G-77 computer,laptop,https://www.consumerreports.org/products/laptop/acer-aspire-nitro-vn7-592g-77-386284/specs,,52.0,None,,,,10.3,Yes,15.6,,No,Yes,,No,No,,1,No,Yes,,,1.0,1920 x 1080,16,Yes,,,,,4.0,Windows 10 Home,,None,Intel Core i7-6700HQ 2.6GHz,,1256,,12,1,,Yes,No,Nvidia GeForce GTX 960M/Intel HD Graphics 530,1024.0,,12,15.3,,802.11ac,,,,0,0
7,8,Acer,Aspire One Cloudbook AO1-131-C9PM computer,laptop,https://www.consumerreports.org/products/laptop/acer-aspire-one-cloudbook-ao1-131-c9pm-384806/specs,,32.0,None,,,,7.9,Yes,11.6,,No,No,,No,No,,0,No,Yes,,,0.8,1366 x 768,2,Yes,,,,,2.0,Windows 10 Home,,None,Intel Celeron N3050 1.6GHz,,32,,12,0,,No,No,Intel HD Graphics,,,12,11.5,,802.11ac,,,,0,0
8,9,Acer,Aspire R3-131T-P6G7 computer,laptop,https://www.consumerreports.org/products/laptop/acer-aspire-r3-131t-p6g7-387266/specs,,49.0,None,,,,8.3,Yes,11.6,,No,Yes,,No,No,,1,No,Yes,,,0.9,1366 x 768,4,Yes,,,,,2.0,Windows 10 Home,,None,Intel Pentium N3710 1.6GHz,,64,,12,0,,No,No,Intel HD Graphics 405,,,12,11.7,,802.11ac,,,,0,0
9,10,Acer,Aspire R5-571T-57Z0 computer,laptop,https://www.consumerreports.org/products/laptop/acer-aspire-r5-571t-57z0-388093/specs,,48.0,None,,,,10.1,Yes,15.6,,No,Yes,,No,No,,0,No,Yes,,,0.9,1920 x 1080,8,Yes,,,,,4.0,Windows 10 Home,,None,Intel Core i7-7200U 2.5GHz,,1000,,12,0,,Yes,No,Intel HD Graphics 620,,,12,14.6,,802.11ac,,,,0,0
10,11,Acer,Aspire R5-571T-59DC computer,laptop,https://www.consumerreports.org/products/laptop/acer-aspire-r5-571t-59dc-386554/specs,,49.0,None,,,,10.1,Yes,15.6,,No,No,,No,No,,0,No,Yes,,,0.9,1920 x 1080,8,Yes,,,,,4.0,Windows 10 Home,,None,Intel Core i5-6200U 2.3GHz,,1000,,12,0,,No,No,Intel HD Graphics 520,,,12,14.6,,802.11ac,,,,0,0
11,12,Acer,Aspire R7-372T-54TM computer,laptop,https://www.consumerreports.org/products/laptop/acer-aspire-r7-372t-54tm-387107/specs,,50.0,None,,,,9.1,Yes,13.3,,No,Yes,,No,No,,0,No,Yes,,,0.8,1920 x 1080,8,Yes,,,,,4.0,Windows 10 Home,,None,Intel Core i5-6200U 2.3GHz,,256,,12,1,,Yes,No,Intel HD Graphics 520,,,12,13.5,,802.11ac,,,,0,0
12,13,Acer,Aspire S 13 S5-371T-76CY computer,laptop,https://www.consumerreports.org/products/laptop/acer-aspire-s-13-s5-371t-76cy-387895/specs,,54.0,None,,,,8.9,Yes,13.3,,No,Yes,,No,No,,0,No,Yes,,,0.6,1920 x 1080,8,Yes,,,,,3.0,Windows 10 Home,,None,Intel Core i5-6500U 2.5GHz,,512,,12,1,,Yes,No,Intel HD Graphics 520,,,12,12.9,,802.11ac,,,,0,0
13,14,Acer,Aspire S5-371-52JR computer,laptop,https://www.consumerreports.org/products/laptop/acer-aspire-s5-371-52jr-386553/specs,,45.0,None,,,,8.9,Yes,13.3,,No,Yes,,No,No,,0,No,Yes,,,0.6,1920 x 1080,8,Yes,,,,,3.0,Windows 10 Home,,None,Intel Core i5-6200U 2.3GHz,,256,,12,0,,Yes,No,Intel HD Graphics 520,,,12,12.9,,802.11ac,,,,0,0
14,15,Acer,Aspire Switch 10 SW5-015-198P computer,laptop,https://www.consumerreports.org/products/laptop/acer-aspire-switch-10-sw5-015-198p-386345/specs,,21.0,None,,,,7.5,Yes,10.1,,No,No,,No,No,,0,No,Yes,,,0.9,1280 x 800,2,Yes,,,,,2.0,Windows 10 Home,,None,Intel Atom Z3735F 1.33GHz,,64,,12,0,,No,No,Intel HD Graphics,,,12,10.3,,802.11n,,,,0,0
15,16,Acer,Aspire V5-591G-55PV computer,laptop,https://www.consumerreports.org/products/laptop/acer-aspire-v5-591g-55pv-387108/specs,,56.0,None,,,,10.2,Yes,15.6,,No,Yes,,No,No,,1,No,Yes,,,1.2,1920 x 1080,8,Yes,,,,,3.0,Windows 10 Home,,None,Intel Core i5-6300HQ 2.3GHz,,256,,12,0,,Yes,Yes,Nvidia GeForce GTX 950M/Intel HD Graphics 530,2048.0,,12,15.1,,802.11ac,,,,0,0
16,17,Acer,CB5-132T-C9KK computer,chromebooks,https://www.consumerreports.org/products/chromebooks/acer-cb5-132t-c9kk-388956/specs,,,,,,Yes,8.0,,,,,Yes,,,,,0,,Yes,,,0.8,1366 x 768,4,Yes,,Yes,,,2.0,Chrome OS 57.0.2987.146,,,Celeron N3160,,32,,12,0,,,,Intel HD Graphics 400,,,12,11.5,Yes,,,,,0,0
17,18,Acer,Chromebook 11 CB3-131-C3VC computer,chromebooks,https://www.consumerreports.org/products/chromebooks/acer-chromebook-11-cb3-131-c3vc-385657/specs,,,,,,Yes,8.0,,,,,Yes,,,,,0,,Yes,,,0.8,1366 x 768,2,Yes,,Yes,,,2.0,Chrome OS 48.0.2564.116,,,Celeron N2840,,16,,12,0,,,,Intel HD Graphics,,,12,11.6,Yes,,,,,0,0
18,19,Acer,Chromebook 14 CB3-431-C5FM computer,chromebooks,https://www.consumerreports.org/products/chromebooks/acer-chromebook-14-cb3-431-c5fm-386278/specs,,,,,,Yes,9.2,,,,,Yes,,,,,0,,Yes,,,0.8,1920 x 1080,4,No,,Yes,,,2.0,Chrome OS 50.0.2661.91,,,Celeron N3160,,32,,12,0,,,,Intel HD Graphics 400,,,12,13.4,Yes,,,,,0,0
19,20,Acer,Chromebook 15 C910-54M1 computer,chromebooks,https://www.consumerreports.org/products/chromebooks/acer-chromebook-15-c910-54m1-376372/specs,,,,,,Yes,10.1,,,,,No,,,,,0,,Yes,,,1.1,1920 x 1080,4,Yes,,Yes,,,2.0,Chrome OS 42.0.2311.87,,,Core i5-5200U,,32,,12,0,,,,Intel HD Graphics 5500,,,12,15.1,Yes,,,,,0,0
20,21,Acer,Chromebook C740-C3P1 computer,chromebooks,https://www.consumerreports.org/products/chromebooks/acer-chromebook-c740-c3p1-376371/specs,,,,,,Yes,8.0,,,,,No,,,,,0,,Yes,,,0.9,1366 x 768,2,Yes,,Yes,,,2.0,Chrome OS 42.0.2311.87,,,Celeron 3205U,,16,,12,0,,,,Intel HD Graphics,,,12,11.3,Yes,,,,,0,0
21,22,Acer,ChromeBook C810-T7ZT computer,chromebooks,https://www.consumerreports.org/products/chromebooks/acer-chromebook-c810-t7zt-383569/specs,,,,,,Yes,9.0,,,,,Yes,Silver,,,,0,,Yes,,,0.8,1366 x 768,4,Yes,,Yes,,,2.0,Chrome OS 43.0.2357.130,,,Tegra K1 CD570M-A1,,16,,12,0,,,,Nvidia Integrated,,,12,12.9,Yes,,,,,0,0
22,23,Acer,Chromebook CB3-532-C47C computer,chromebooks,https://www.consumerreports.org/products/chromebooks/acer-chromebook-cb3-532-c47c-387940/specs,,,,,,Yes,10.1,,,,,No,,,,,0,,Yes,,,1.1,1366 x 768,2,Yes,,Yes,,,2.0,Chrome OS 54.0.2840.79,,,Celeron N3060,,16,,12,0,,,,Intel HD Graphics 400,,,12,15.1,Yes,,,,,0,0
23,24,Acer,ChromeBook CB5-312T-K8Z9 computer,chromebooks,https://www.consumerreports.org/products/chromebooks/acer-chromebook-cb5-312t-k8z9-388090/specs,,,,,,Yes,9.0,,,,,Yes,,,,,0,,Yes,,,0.6,1920 x 1080,4,Yes,,Yes,,,2.0,Chrome OS 54.0.2840.101,,,M8173C 2.1GHz,,32,,12,0,,,,PowerVR Rogue GX6250,,,12,12.8,Yes,,,,,0,0
24,25,Acer,Chromebook R11 CB5-132T-C32M computer,chromebooks,https://www.consumerreports.org/products/chromebooks/acer-chromebook-r11-cb5-132t-c32m-385733/specs,,,,,,Yes,8.0,,,,,No,,,,,0,,Yes,,,0.8,1366 x 768,2,Yes,,Yes,,,2.0,Chrome OS 49.0.2623.95,,,Celeron N3150,,32,,12,0,,,,Intel HD Graphics,,,12,11.5,Yes,,,,,0,0
25,26,Acer,Spin 1 SP111-31-C2W3 computer,laptop,https://www.consumerreports.org/products/laptop/acer-spin-1-sp111-31-c2w3-388639/specs,,49.0,None,,,,8.3,Yes,11.6,,No,Yes,,No,No,,0,No,Yes,,,0.8,1920 x 1080,4,Yes,,,,,3.0,Windows 10 Home,,None,Intel Celeron N3350 1.1GHz,,32,,12,0,,No,No,Intel HD Graphics,,,12,11.7,,802.11ac,,,,0,0
26,27,Acer,Spin 5 SP513-51-55ZR computer,laptop,https://www.consumerreports.org/products/laptop/acer-spin-5-sp513-51-55zr-388098/specs,,49.0,None,,,,9.0,Yes,13.3,,No,Yes,,No,No,,0,No,Yes,,,0.8,1920 x 1080,8,Yes,,,,,3.0,Windows 10 Home,,None,Intel Core i5-6200U 2.3GHz,,256,,12,0,,No,No,Intel HD Graphics 520,,,12,12.9,,802.11ac,,,,0,0
27,28,Acer,Swift 3 SF314-51-52W2 computer,laptop,https://www.consumerreports.org/products/laptop/acer-swift-3-sf314-51-52w2-387923/specs,,49.0,None,,,,9.3,Yes,14.0,,No,Yes,,No,Yes,,0,No,Yes,,,0.8,1920 x 1080,8,Yes,,,,,3.0,Windows 10 Home,,None,Intel Core i5-6200U 2.3GHz,,256,,12,0,,Yes,No,Intel HD Graphics 520,,,12,13.4,,802.11ac,,,,0,1
28,29,Acer,Swift 7 SF713-51-M90J computer,laptop,https://www.consumerreports.org/products/laptop/acer-swift-7-sf713-51-m90j-387922/specs,,43.0,None,,,,9.1,Yes,13.3,,No,Yes,,No,No,,0,No,Yes,,,0.5,1920 x 1080,8,No,,,,,2.0,Windows 10 Home,,None,Intel Core i5-7Y54 1.2GHz,,256,,12,0,,Yes,No,Intel HD Graphics 615,,,12,12.8,,802.11ac,,,,0,0
29,30,Acer,Switch Alpha 12 SA5-271-594J computer,laptop,https://www.consumerreports.org/products/laptop/acer-switch-alpha-12-sa5-271-594j-386446/specs,,37.0,None,,,,8.1,Yes,12.0,,No,No,,No,No,,0,No,Yes,,,0.7,2160 x 1440,8,Yes,,,,,2.0,Windows 10 Home,,None,Intel Core i5-6200U 2.3GHz,,256,,12,0,,No,No,Intel HD Graphics 520,,,12,11.6,,802.11ac,,,,0,0
30,31,Apple,21.5-inch iMac MK442LL/A computer,desktop-computer,https://www.consumerreports.org/products/desktop-computer/apple-21-5-inch-imac-mk442ll-a-384904/specs,No,,,No,Yes,Yes,6.9,No,21.5,No,,Yes,Gold,,,No,1,,,No,No,17.8,1920 x 1080,8,Yes,No,,4.0,0.0,,OS X El Capitan 10.11,Yes,None,Core i5 2.8GHz,Yes,1000,Yes,3,1,No,,,Intel Iris Pro 6200,0.0,No,12,20.8,Yes,,Yes,Yes,No,0,0
31,32,Apple,21.5-inch iMac MMQA2LL/A computer,desktop-computer,https://www.consumerreports.org/products/desktop-computer/apple-imac-21-5-inch-392567/specs,No,,,No,Yes,Yes,6.7,No,21.5,No,No,Yes,Gold,,,No,1,,,No,No,17.9,1920 x 1080,8,Yes,No,,6.0,0.0,,macOS Sierra 10.12,No,None,Core i5,Yes,1000,No,12,1,No,,No,Intel Iris Plus Graphics 640,0.0,No,12,20.8,Yes,,Yes,Yes,No,0,0
32,33,Apple,21.5-inch iMac with 4K Display MNDY2LL/A computer,desktop-computer,https://www.consumerreports.org/products/desktop-computer/apple-imac-21-5-inch-4k-392568/specs,No,,,No,Yes,Yes,6.7,No,21.5,No,No,Yes,Gold,,,No,1,,,No,No,17.9,4096 x 2304,8,Yes,No,,6.0,0.0,,macOS Sierra 10.12,No,None,Core i5,Yes,1000,No,12,1,No,,No,AMD Radeon Pro 555,2048.0,No,12,20.8,Yes,,Yes,Yes,No,0,0
33,34,Apple,27-inch iMac MNE92LL/A computer,desktop-computer,https://www.consumerreports.org/products/desktop-computer/apple-imac-27-inch-mne92ll-a-392569/specs,No,,,No,Yes,Yes,7.9,No,27.0,No,No,Yes,Gold,,,Yes,1,,,No,No,20.6,5120 x 2880,8,Yes,No,,6.0,0.0,,macOS Sierra 10.12,No,None,Core i5,Yes,1032,No,12,1,No,,No,AMD Radeon Pro 570,4096.0,No,12,25.6,Yes,,Yes,Yes,No,0,0
34,35,Apple,27-inch iMac with Retina 5K display MK472LL/A computer,desktop-computer,https://www.consumerreports.org/products/desktop-computer/apple-27-inch-imac-with-retina-5k-display-mk472ll-a-384905/specs,No,,,No,Yes,Yes,8.2,No,27.0,No,,Yes,Gold,,,No,1,,,No,No,20.5,5120 x 2880,8,Yes,No,,4.0,0.0,,OS X El Capitan 10.11,Yes,None,Core i5 3.2GHz,Yes,1032,Yes,3,1,No,,,AMD Radeon RN M390,2048.0,No,12,25.6,Yes,,Yes,Yes,No,0,0
35,36,Apple,iMac w/Retina 5K display MF886LL/A computer,desktop-computer,https://www.consumerreports.org/products/desktop-computer/apple-imac-w-retina-5k-display-mf886ll-a-295009/specs,No,,,No,Yes,Yes,8.2,No,27.0,No,,Yes,Gold,,,No,1,,,No,No,20.5,5120 x 2880,8,Yes,No,,4.0,0.0,,OS X Yosemite 10.10,Yes,None,Core i5 3.5GHz,Yes,1128,Yes,3,1,No,,,AMD Radeon R9 M290X,2048.0,No,12,25.6,Yes,,Yes,Yes,No,0,0
36,37,Apple,iMac with Retina 4K display MK452LL/A computer,desktop-computer,https://www.consumerreports.org/products/desktop-computer/apple-imac-with-retina-4k-display-mk452ll-a-384903/specs,No,,,No,Yes,Yes,6.9,No,21.5,No,,Yes,Gold,,,No,1,,,No,No,17.8,4096 x 2304,8,Yes,No,,4.0,0.0,,OS X El Capitan 10.11,Yes,None,Core i5 3.1GHz,Yes,1000,Yes,3,1,No,,,Intel Iris Pro 6200,0.0,No,12,20.8,Yes,,Yes,Yes,No,0,0
37,38,Apple,Mac Mini MGEM2LL/A computer,desktop-computer,https://www.consumerreports.org/products/desktop-computer/apple-mac-mini-mgem2ll-a-295010/specs,No,,,No,,,7.7,Yes,,Yes,No,Yes,Gold,,,No,1,,,No,Yes,1.4,,4,Yes,No,,4.0,0.0,,OS X Yosemite 10.10,Yes,None,Core i5 1.4GHz,Yes,500,No,3,1,No,,No,Intel HD Graphics 5000,0.0,No,12,7.8,Yes,,,,No,0,0
38,39,Apple,MacBook 12-inch MF855LL/A computer,laptop,https://www.consumerreports.org/products/laptop/apple-macbook-12-inch-mf855ll-a-377002/specs,,40.0,None,,,,7.7,Yes,12.0,,No,Yes,,No,No,,0,No,No,,,0.6,2304 x 1440,8,No,,,,,1.0,OS X Yosemite 10.10,,None,Intel Core M 1.1GHz,,256,,3,0,,No,No,Intel HD Graphics 5300,,,12,11.1,,802.11ac,,,,0,0
39,40,Apple,MacBook 12-inch MLHE2LL/A computer,laptop,https://www.consumerreports.org/products/laptop/apple-macbook-12-inch-mlhe2ll-a-386115/specs,,41.0,None,,,,7.7,Yes,12.0,,No,Yes,Gold,No,No,,0,No,No,,,0.6,2304 x 1440,8,No,,,,,1.0,OS X El Capitan 10.11,,None,Intel Core m3 1.1GHz,,256,,3,0,,No,No,Intel HD Graphics 515,,,12,11.1,,802.11ac,,,,0,0
40,41,Apple,MacBook 12-inch MNYH2LL/A computer,laptop,https://www.consumerreports.org/products/laptop/apple-macbook-12-inch-392572/specs,,47.0,None,,,,7.8,Yes,12.0,,No,Yes,Gold,No,No,,0,No,No,,,0.5,2304 x 1440,8,No,,,,,1.0,macOS Sierra 10.12,,None,Intel Core m3 1.2GHz,,256,,3,0,,No,No,Intel HD Graphics 615,,,12,11.0,,802.11ac,,,,0,0
41,42,Apple,MacBook Air 11-inch MJVM2LL/A computer,laptop,https://www.consumerreports.org/products/laptop/apple-macbook-air-11-inch-mjvm2ll-a-374085/specs,,38.0,None,,,,7.6,No,11.6,,No,Yes,Gold,No,No,,0,No,No,,,0.7,1366 x 768,4,No,,,,,2.0,OS X Yosemite 10.10,,None,Intel Core i5 1.6GHz,,128,,3,1,,No,No,Intel HD Graphics 6000,,,12,11.8,,802.11ac,,,,0,0
42,43,Apple,MacBook Air 13-inch MJVE2LL/A computer,laptop,https://www.consumerreports.org/products/laptop/apple-macbook-air-13-inch-mjve2ll-a-374086/specs,,54.0,None,,,,8.9,No,13.3,,No,Yes,Gold,No,No,,0,No,No,,,0.7,1440 x 900,4,Yes,,,,,2.0,OS X Yosemite 10.10,,None,Intel Core i5 1.6GHz,,128,,3,1,,No,No,Intel HD Graphics 6000,,,12,12.8,,802.11ac,,,,0,0
43,44,Apple,MacBook Pro 13-inch MLH12LL/A computer,laptop,https://www.consumerreports.org/products/laptop/apple-macbook-pro-13-inch-mlh12ll-a-388053/specs,,44.0,None,,,,8.4,No,13.3,,No,Yes,Gold,No,Yes,,0,No,No,,,0.6,2560 x 1600,8,No,,,,,4.0,macOS Sierra 10.12,,None,Intel Core i5 2.9GHz,,256,,3,1,,No,No,Intel Iris Graphics 550,,,12,12.0,,802.11ac,,,,0,1
44,45,Apple,MacBook Pro 13-inch MLL42LL/A computer,laptop,https://www.consumerreports.org/products/laptop/apple-macbook-pro-13-inch-mll42ll-a-388052/specs,,44.0,None,,,,8.4,Yes,13.3,,No,Yes,Gold,No,No,,0,No,No,,,0.6,2560 x 1600,8,No,,,,,2.0,macOS Sierra 10.12,,None,Intel Core i5 2GHz,,256,,3,1,,No,No,Intel Iris Graphics 540,,,12,12.0,,802.11ac,,,,0,0
45,46,Apple,MacBook Pro 13-inch MPXR2LL/A computer,laptop,https://www.consumerreports.org/products/laptop/apple-macbook-pro-13-inch-no-touch-bar-392573/specs,,62.0,None,,,,8.3,Yes,13.3,,No,Yes,Gold,No,No,,0,No,No,,,0.6,2560 x 1600,8,No,,,,,2.0,macOS Sierra 10.12,,None,Intel Core i5 2.3GHz,,128,,3,1,,No,No,Intel Iris Plus Graphics 640,,,12,12.0,,802.11ac,,,,0,0
46,47,Apple,MacBook Pro 13-inch with Retina Display MF839LL/A computer,laptop,https://www.consumerreports.org/products/laptop/apple-macbook-pro-13-inch-with-retina-display-mf839ll-a-374087/specs,,44.0,None,,,,8.6,Yes,13.3,,No,Yes,Gold,No,No,,0,No,Yes,,,0.7,2560 x 1600,8,Yes,,,,,2.0,OS X Yosemite 10.10,,None,Intel Core i5 2.7GHz,,128,,3,1,,No,No,Intel Iris Graphics 6100,,,12,12.4,,802.11ac,,,,0,0
47,48,Apple,MacBook Pro 15-inch MLH32LL/A computer,laptop,https://www.consumerreports.org/products/laptop/apple-macbook-pro-15-inch-mlh32ll-a-388054/specs,,69.0,None,,,,9.5,No,15.4,,No,Yes,Gold,No,Yes,,0,No,No,,,0.6,2880 x 1800,16,No,,,,,4.0,macOS Sierra 10.12,,None,Intel Core i7 2.6GHz,,256,,3,1,,No,No,AMD Radeon Pro 450/Intel HD Graphics 530,2048.0,,12,13.7,,802.11ac,,,,0,1
48,49,Apple,MacBook Pro 15-inch with Retina Display MJLQ2LL/A computer,laptop,https://www.consumerreports.org/products/laptop/apple-macbook-pro-15-inch-with-retina-display-mjlq2ll-a-381914/specs,,100.0,None,,,,9.8,Yes,15.4,,No,Yes,Gold,No,No,,0,No,Yes,,,0.8,2880 x 1800,16,Yes,,,,,2.0,OS X Yosemite 10.10,,None,Intel Core i7 2.2GHz,,256,,3,1,,No,No,Intel Iris Pro,,,12,14.1,,802.11ac,,,,0,0
49,50,Apple,MacBook Pro 15-inch with Touch Bar MPTU2LL/A computer,laptop,https://www.consumerreports.org/products/laptop/apple-macbook-pro-15-inch-touch-bar-392574/specs,,87.0,None,,,,9.4,Yes,15.4,,No,Yes,Gold,No,Yes,,0,No,No,,,0.6,2880 x 1800,16,No,,,,,4.0,macOS Sierra 10.12,,None,Intel Core i7 2.8GHz,,256,,3,1,,No,No,AMD Radeon Pro 555/Intel HD Graphics 630,2048.0,,12,13.8,,802.11ac,,,,0,1
50,51,Asus,Chromebook C201PA-DS01 computer,chromebooks,https://www.consumerreports.org/products/chromebooks/asus-chromebook-c201pa-ds01-379129/specs,,,,,,Yes,7.7,,,,,No,,,,,0,,Yes,,,0.8,1366 x 768,2,Yes,,Yes,,,2.0,Chrome OS 42.0.2311.153,,,RK3288 Cortex A17,,16,,12,0,,,,ARM Mali T760,,,12,11.3,Yes,,,,,0,0
51,52,Asus,Chromebook C202SA-YS02 computer,chromebooks,https://www.consumerreports.org/products/chromebooks/asus-chromebook-c202sa-ys02-386337/specs,,,,,,Yes,7.9,,,,,Yes,,,,,0,,Yes,,,1.1,1366 x 768,4,Yes,,Yes,,,2.0,Chrome OS 48.0.2564.116,,,Celeron N3060,,16,,12,0,,,,Intel HD Graphics,,,12,11.6,Yes,,,,,0,0
52,53,Asus,Chromebook C300SA-DS02-LB computer,chromebooks,https://www.consumerreports.org/products/chromebooks/asus-chromebook-c300sa-ds02-lb-387263/specs,,,,,,Yes,9.0,,,,,Yes,,,,,0,,Yes,,,0.8,1366 x 768,4,Yes,,Yes,,,2.0,Chrome OS 52.0.2743.116,,,Celeron N3060,,16,,12,0,,,,Intel HD Graphics 400,,,12,12.9,Yes,,,,,0,0
53,54,Asus,Chromebook Flip C100PA-DB01 computer,chromebooks,https://www.consumerreports.org/products/chromebooks/asus-chromebook-flip-c100pa-db01-384309/specs,,,,,,Yes,7.2,,,,,Yes,,,,,0,,Yes,,,0.7,1280 x 800,2,Yes,,Yes,,,2.0,Chrome OS 44.0.2403.156,,,RK3288C 1.8GHz,,16,,12,0,,,,ARM Mali T764,,,12,10.4,Yes,,,,,0,0
54,55,Asus,ChromeBook Flip C100PA-RBRKT07 computer,chromebooks,https://www.consumerreports.org/products/chromebooks/asus-chromebook-flip-c100pa-rbrkt07-388091/specs,,,,,,Yes,7.2,,,,,Yes,Silver,,,,0,,Yes,,,0.6,1280 x 800,4,Yes,,Yes,,,2.0,Chrome OS 54.0.2840.101,,,RK3288C NSGHz,,16,,12,0,,,,ARM Mali T760,,,12,10.3,Yes,,,,,0,0
55,56,Asus,Chromebook Flip C302CA-DHM4 computer,chromebooks,https://www.consumerreports.org/products/chromebooks/asus-chromebook-flip-c302ca-dhm4-388635/specs,,,,,,Yes,8.3,,,,,Yes,,,,,0,,No,,,0.6,1920 x 1080,4,Yes,,Yes,,,2.0,Chrome OS 56.0.2924.110,,,Core m3-6Y30,,64,,12,0,,,,Intel HD Graphics 515,,,12,12.1,Yes,,,,,0,0
56,57,Asus,EeeBook E402MA-EH computer,laptop,https://www.consumerreports.org/products/laptop/asus-eeebook-e402ma-eh-386280/specs,,32.0,None,,,,9.3,Yes,14.0,,No,Yes,,No,No,,0,No,Yes,,,1.0,1366 x 768,2,Yes,,,,,2.0,Windows 10 Home,,None,Intel Celeron N2840 2.16GHz,,32,,12,0,,No,Yes,Intel HD Graphics,,,12,13.3,,802.11n,,,,0,0
57,58,Asus,Q304UA-BBI5T10 computer,laptop,https://www.consumerreports.org/products/laptop/asus-q304ua-bbi5t10-386676/specs,,55.0,None,,,,8.9,Yes,13.3,,No,Yes,,No,No,,0,No,Yes,,,0.9,1920 x 1080,6,Yes,,,,,4.0,Windows 10 Home,,None,Intel Core i5-6200U 2.3GHz,,1000,,12,0,,No,No,Intel HD Graphics 520,,,12,12.7,,802.11ac,,,,0,0
58,59,Asus,Q304UA-BHI5T11 computer,laptop,https://www.consumerreports.org/products/laptop/asus-q304ua-bhi5t11-387894/specs,,55.0,None,,,,9.0,Yes,13.3,,No,Yes,,No,Yes,,0,No,Yes,,,0.9,1920 x 1080,6,Yes,,,,,4.0,Windows 10 Home,,None,Intel Core i5-7200U 2.5GHz,,1000,,12,0,,Yes,No,Intel HD Graphics 620,,,12,12.8,,802.11ac,,,,0,1
59,60,Asus,Q324UA-BHI7T17 computer,laptop,https://www.consumerreports.org/products/laptop/asus-q324ua-bhi7t17-387893/specs,,57.0,None,,,,8.7,Yes,13.3,,No,Yes,,No,Yes,,0,No,Yes,,,0.6,1920 x 1080,16,Yes,,,,,3.0,Windows 10 Home,,None,Intel Core i7-7500U 2.7GHz,,512,,12,0,,Yes,No,Intel HD Graphics 620,,,12,12.6,,802.11ac,,,,0,1
60,61,Asus,Q524UQ-BBI7T14 computer,laptop,https://www.consumerreports.org/products/laptop/asus-q524uq-bbi7t14-386679/specs,,52.0,None,,,,10.2,Yes,15.6,,No,Yes,,Windows Hello,No,,0,No,Yes,,,1.0,1920 x 1080,12,Yes,,,,,4.0,Windows 10 Home,,None,Intel Core I7-6500U 2.5GHz,,2000,,12,1,,Yes,No,Nvidia GeForce 940MX/Intel HD Graphics 530,2048.0,,12,15.0,,802.11ac,,,,1,0
61,62,Asus,Q524UQ-BHI7T15 computer,laptop,https://www.consumerreports.org/products/laptop/asus-q524uq-bhi7t15-388948/specs,,52.0,None,,,,10.1,Yes,15.6,,No,Yes,,Windows Hello,No,,0,No,Yes,,,1.0,1920 x 1080,12,Yes,,,,,4.0,Windows 10 Home,,None,Intel Core i7-7500U 2.7GHz,,2000,,12,1,,Yes,No,NVIDIA GeForce 940MX/Intel HD Graphics 620,2048.0,,12,15.0,,802.11ac,,,,1,0
62,63,Asus,T300CHI-RHM5T06 computer,laptop,https://www.consumerreports.org/products/laptop/asus-t300chi-rhm5t06-385010/specs,,31.0,None,,,,7.7,Yes,12.5,,No,Yes,,No,No,,0,No,Yes,,,0.8,1920 x 1080,4,Yes,,,,,2.0,Windows 10 Home,,None,Intel Core M-5Y10c 0.8GHz,,128,,12,0,,Yes,No,Intel HD Graphics 5300,,,12,12.5,,802.11ac,,,,0,0
63,64,Asus,Transformer Book T100CHI-C1 computer,laptop,https://www.consumerreports.org/products/laptop/asus-transformer-book-t100chi-c1-379138/specs,,30.0,None,,,,7.0,Yes,10.1,,No,Yes,,No,No,,0,No,Yes,,,0.7,1920 x 1200,2,Yes,,,,,3.0,Windows 8.1 with Bing,,None,Intel Atom Z3775 1.46GHz,,64,,12,0,,No,No,Intel HD Graphics,,,12,10.4,,802.11n Dual-band,,,,0,0
64,65,Asus,Transformer Book T300CHI-F1-DB computer,laptop,https://www.consumerreports.org/products/laptop/asus-transformer-book-t300chi-f1-db-381372/specs,,31.0,None,,,,7.7,Yes,12.5,,No,Yes,,No,No,,0,No,Yes,,,0.7,1920 x 1080,4,Yes,,,,,1.0,Windows 8.1,,None,Intel Core M-5Y10c,,128,,12,0,,No,No,Intel HD Graphics 5300,,,12,12.5,,802.11n Dual-band,,,,0,0
65,66,Asus,VivoBook E200HA-US01 computer,laptop,https://www.consumerreports.org/products/laptop/asus-vivobook-e200ha-us01-385911/specs,,19.0,None,,,,7.6,Yes,11.6,,No,Yes,,No,No,,0,No,Yes,,,0.7,1366 x 768,2,Yes,,,,,2.0,Windows 10 Home,,None,Intel Atom x5-Z8300 1.44GHz,,32,,12,0,,No,No,Intel HD Graphics,,,12,11.3,,802.11ac,,,,0,0
66,67,Asus,VivoBook E403SA-US21 computer,laptop,https://www.consumerreports.org/products/laptop/asus-vivobook-e403sa-us21-386117/specs,,57.0,None,,,,9.2,Yes,14.0,,No,Yes,,No,No,,0,No,Yes,,,0.7,1920 x 1080,4,Yes,,,,,3.0,Windows 10 Home,,None,Intel Pentium N3700 1.6GHz,,128,,12,0,,No,No,Intel HD Graphics,,,12,13.4,,802.11ac,,,,0,0
67,68,Asus,VivoBook Pro N552VX computer,laptop,https://www.consumerreports.org/products/laptop/asus-vivobook-pro-n552vx-387457/specs,,48.0,B,,,,10.3,Yes,15.6,,No,Yes,,No,No,,1,No,Yes,,,1.3,3840 x 2160,16,Yes,,,,,4.0,Windows 10 Home,,Blu-Ray burner,Intel Core I7-6700HQ 2.6GHz,,2512,,12,0,,Yes,No,Nvidia GeForce GTX 950M/Intel HD Graphics 530,1024.0,,12,15.1,,802.11ac,,,,0,0
68,69,Asus,VivoPC M32CD-B12 computer,desktop-computer,https://www.consumerreports.org/products/desktop-computer/asus-vivopc-m32cd-b12-389331/specs,Yes,,,No,,,16.6,Yes,,No,No,No,,,,Yes,1,,,No,Yes,15.9,,8,Yes,Yes,,6.0,0.0,,Windows 10 Home,No,DVD burner,Core i5-7400,Yes,1000,No,12,0,No,,Yes,Intel HD Graphics 630,0.0,Cortana,12,6.9,Yes,,No,No,No,0,0
69,70,Asus,X555YA-DB84Q computer,laptop,https://www.consumerreports.org/products/laptop/asus-x555ya-db84q-387687/specs,,37.0,D,,,,10.1,Yes,15.6,,No,Yes,,No,No,,1,No,Yes,,,1.1,1366 x 768,8,Yes,,,,,3.0,Windows 10 Home,,CD/DVD burner,AMD A8-7410 2.2GHz,,1000,,12,0,,Yes,Yes,AMD Radeon R5 Graphics,1024.0,,12,15.1,,802.11n,,,,0,0
70,71,Asus,Zen Pro 240IEGT-16 computer,desktop-computer,https://www.consumerreports.org/products/desktop-computer/asus-zen-pro-240iegt-16-389571/specs,No,,,No,Yes,Yes,7.5,Yes,23.8,No,No,Yes,,,,No,1,,,No,Yes,17.1,3840 x 2160,12,Yes,No,,5.0,0.0,,Windows 10 Home,No,None,Core i7-7700T,Yes,1128,Yes,12,0,No,,No,Nvidia GeForce GTX 1050/Intel HD Graphics 630,4096.0,Cortana,12,23.0,Yes,,Yes,Yes,No,0,0
71,72,Asus,Zen Z240IC-GT-09S computer,desktop-computer,https://www.consumerreports.org/products/desktop-computer/asus-zen-z240ic-gt-09-s-386119/specs,No,,,No,Yes,Yes,7.5,Yes,23.8,No,No,Yes,,,,No,1,,,No,Yes,17.1,3840 x 2160,8,Yes,No,,5.0,0.0,,Windows 10 Home,No,None,Core i5-6400T,Yes,1000,Yes,12,0,No,,No,Nvidia GeForce GTX 960M/Intel HD Graphics 530,2048.0,Cortana,12,23.0,Yes,,Yes,Yes,No,0,0
72,73,Asus,ZenBook Flip UX360CA computer,laptop,https://www.consumerreports.org/products/laptop/asus-zenbook-flip-ux360ca-387106/specs,,54.0,None,,,,8.7,Yes,13.3,,No,Yes,,No,No,,0,No,Yes,,,0.6,1920 x 1080,8,Yes,,,,,3.0,Windows 10 Home,,None,Intel Core m3-6Y30 0.9GHz,,512,,12,0,,Yes,No,Intel HD Graphics 515,,,12,12.7,,802.11ac,,,,0,0
73,74,Asus,ZenBook Pro UX501VW-DS71T computer,laptop,https://www.consumerreports.org/products/laptop/asus-zenbook-pro-ux501vw-ds71t-386108/specs,,96.0,None,,,,10.1,Yes,15.6,,No,Yes,,No,No,,1,No,Yes,,,0.9,3840 x 2160,16,Yes,,,,,4.0,Windows 10 Home,,None,Intel Core i7-6700HQ 2.6GHz,,512,,12,1,,Yes,No,Nvidia GeForce GTX 960M/Intel HD Graphics 530,2048.0,,12,15.1,,802.11ac,,,,0,0
74,75,Dell,Chromebook 11 computer,chromebooks,https://www.consumerreports.org/products/chromebooks/dell-chromebook-11-371592/specs,,,,,,Yes,7.9,,,,,Yes,Silver,,,,0,,Yes,,,0.9,1366 x 768,2,Yes,,Yes,,,2.0,Chrome OS 40.0.2214.115,,,Celeron 2955U,,16,,12,0,,,,Intel HD Graphics,,,12,11.6,Yes,,,,,0,0
75,76,Dell,Chromebook 13 computer,chromebooks,https://www.consumerreports.org/products/chromebooks/dell-chromebook-13-384985/specs,,,,,,Yes,8.8,,,,,Yes,Gold,,,,0,,Yes,,,0.9,1920 x 1080,4,Yes,,Yes,,,2.0,Chrome OS 46.0.2490.82,,,Core i3-5005U,,16,,12,0,,,,Intel HD Graphics 5500,,,12,12.7,Yes,,,,,0,0
76,77,Dell,Chromebook CRM-11-IPST computer,chromebooks,https://www.consumerreports.org/products/chromebooks/dell-chromebook-crm-11-ipst-387882/specs,,,,,,Yes,8.6,,,,,Yes,,,,,0,,Yes,,,0.9,1366 x 768,4,Yes,,Yes,,,2.0,Chrome OS 54.0.2840.79,,,Celeron N2840,,16,,12,0,,,,Intel HD Graphics,,,12,11.7,Yes,,,,,0,0
77,78,Dell,Inspiron 11 3000 3rd Gen computer,laptop,https://www.consumerreports.org/products/laptop/brondell-inspiron-11-3000-3rd-gen-387111/specs,,32.0,None,,,,7.8,Yes,11.6,,No,Yes,Silver,No,No,,0,No,Yes,,,0.9,1366 x 768,4,Yes,,,,,3.0,Windows 10 Home,,None,Intel Core m3-6Y30 0.9GHz,,500,,12,0,,No,No,Intel HD Graphics 515,,,12,11.4,,802.11n,,,,0,0
78,79,Dell,Inspiron 11 3000 computer,laptop,https://www.consumerreports.org/products/laptop/dell-inspiron-11-3000-385665/specs,,32.0,None,,,,7.7,Yes,11.6,,No,Yes,Silver,No,No,,0,No,Yes,,,0.8,1366 x 768,2,Yes,,,,,2.0,Windows 10 Home,,None,Intel Celeron N3050 1.6GHz,,32,,12,0,,No,No,Intel HD Graphics,,,12,11.4,,802.11ac,,,,0,0
79,80,Dell,Inspiron 13 5000 computer,laptop,https://www.consumerreports.org/products/laptop/brondell-inspiron-13-5000-387112/specs,,42.0,None,,,,8.9,Yes,13.3,,No,Yes,Silver,Windows Hello,No,,0,No,Yes,,,0.8,1920 x 1080,8,Yes,,,,,3.0,Windows 10 Home,,None,Intel Core i5-6200U 2.3GHz,,1000,,12,0,,Yes,No,Intel HD Graphics 520,,,12,12.8,,802.11ac,,,,1,0
80,81,Dell,Inspiron 13 7000 3rd Gen computer,laptop,https://www.consumerreports.org/products/laptop/brondell-inspiron-13-7000-3rd-gen-387114/specs,,42.0,None,,,,8.8,Yes,13.3,,No,Yes,Silver,Windows Hello,No,,0,No,Yes,,,0.8,1920 x 1080,8,Yes,,,,,3.0,Windows 10 Home,,None,Intel Core i5-6200U 2.3GHz,,256,,12,0,,Yes,No,Intel HD Graphics 520,,,12,12.7,,802.11ac,,,,1,0
81,82,Dell,Inspiron 15 5000 3rd-Gen computer,laptop,https://www.consumerreports.org/products/laptop/brondell-inspiron-15-5000-3rd-gen-387113/specs,,42.0,None,,,,9.9,Yes,15.6,,No,Yes,Silver,Windows Hello,No,,0,No,Yes,,,0.9,1920 x 1080,8,Yes,,,,,3.0,Windows 10 Home,,None,Intel Core i5-6200U 2.3GHz,,256,,12,0,,Yes,No,Intel HD Graphics 520,,,12,15.0,,802.11ac,,,,1,0
82,83,Dell,Inspiron 15 7000 3rd-Gen computer,laptop,https://www.consumerreports.org/products/laptop/brondell-inspiron-15-7000-3rd-gen-387115/specs,,42.0,None,,,,9.9,Yes,15.6,,No,Yes,Silver,Windows Hello,No,,0,No,Yes,,,0.8,1920 x 1080,8,Yes,,,,,3.0,Windows 10 Home,,None,Intel Core i5-6200U 2.3GHz,,256,,12,0,,Yes,No,Intel HD Graphics 520,,,12,14.9,,802.11ac,,,,1,0
83,84,Dell,Inspiron 17 7000 3rd-Gen computer,laptop,https://www.consumerreports.org/products/laptop/brondell-inspiron-17-7000-3rd-gen-387116/specs,,56.0,None,,,,10.9,Yes,17.3,,No,Yes,Silver,Windows Hello,No,,0,No,Yes,,,0.9,1920 x 1080,12,Yes,,,,,3.0,Windows 10 Home,,None,Intel Core i5-6200U 2.3GHz,,1000,,12,0,,Yes,No,Intel HD Graphics 520,,,12,16.2,,802.11ac,,,,1,0
84,85,Dell,Inspiron 20 3000 Intel computer,desktop-computer,https://www.consumerreports.org/products/desktop-computer/dell-inspiron-20-3000-intel-385660/specs,No,,,No,Yes,Yes,5.3,No,19.5,No,No,Yes,,,,No,1,,,No,No,12.4,1600 x 900,4,Yes,No,,3.0,0.0,,Windows 10 Home,No,DVD burner,Pentium N3700U,Yes,1000,No,12,0,No,,No,Intel HD Graphics,0.0,Cortana,12,18.9,Yes,,Yes,Yes,No,0,0
85,86,Dell,Inspiron 22 3000 Touch computer,desktop-computer,https://www.consumerreports.org/products/desktop-computer/dell-inspiron-22-3000-touch-387425/specs,No,,,No,Yes,Yes,8.1,Yes,21.5,No,No,Yes,,,,Yes,1,,,No,Yes,16.1,1920 x 1080,8,Yes,No,,3.0,0.0,,Windows 10 Home,No,DVD burner,A8-7410,Yes,1000,No,12,0,No,,No,AMD Radeon R5 Graphics,0.0,Cortana,12,20.8,Yes,,Yes,Yes,No,0,0
86,87,Dell,Inspiron 24 3000 (Intel) computer,desktop-computer,https://www.consumerreports.org/products/desktop-computer/dell-inspiron-24-3000-intel-385761/specs,No,,,No,Yes,Yes,5.5,No,23.8,No,No,Yes,,,,Yes,1,,,Yes,No,15.0,1920 x 1080,8,Yes,No,,3.0,0.0,,Windows 10 Home,No,DVD burner,Core i5-6200U,Yes,1000,No,12,0,No,,No,Intel HD Graphics 520,0.0,Cortana,12,22.7,Yes,,Yes,Yes,No,0,0
87,88,Dell,Inspiron 24 3000 Touch computer,desktop-computer,https://www.consumerreports.org/products/desktop-computer/dell-inspiron-24-3000-touch-387426/specs,No,,,No,Yes,Yes,5.3,Yes,23.8,No,No,No,,,,Yes,1,,,No,Yes,15.1,1920 x 1080,8,Yes,No,,3.0,0.0,,Windows 10 Home,No,DVD burner,A8-7410,Yes,1000,No,12,0,No,,No,AMD Radeon R5 Graphics,0.0,Cortana,12,22.7,Yes,,Yes,Yes,No,0,0
88,89,Dell,Inspiron 24 5000 computer,desktop-computer,https://www.consumerreports.org/products/desktop-computer/dell-inspiron-24-5000-385661/specs,No,,,No,Yes,Yes,8.1,Yes,23.8,No,No,Yes,,,,No,1,,,Yes,Yes,17.5,1920 x 1080,12,Yes,No,,5.0,0.0,,Windows 10 Home,No,DVD burner,Core i5-6400T,Yes,1000,No,12,0,No,,No,Intel HD Graphics 530,0.0,Cortana,12,22.8,Yes,,Yes,Yes,No,0,0
89,90,Dell,Inspiron 24 7000 computer,desktop-computer,https://www.consumerreports.org/products/desktop-computer/dell-inspiron-24-7000-385662/specs,No,,,No,Yes,Yes,9.5,Yes,23.8,No,No,Yes,Silver,,,No,1,,,Yes,Yes,16.6,1920 x 1080,12,Yes,No,,5.0,2.0,,Windows 10 Home,No,None,Core i5-6300Q,Yes,1000,Yes,12,0,No,,No,Intel HD Graphics 530,0.0,Cortana,12,23.0,Yes,,Yes,Yes,No,0,0
90,91,Dell,Inspiron 3464-5007BLK computer,desktop-computer,https://www.consumerreports.org/products/desktop-computer/dell-inspiron-3464-5007blk-389335/specs,No,,,No,Yes,Yes,8.0,No,23.8,No,No,Yes,,,,Yes,0,,,Yes,No,17.6,1920 x 1080,8,Yes,No,,3.0,0.0,,Windows 10 Home,No,DVD burner,Core i5-7200,Yes,1000,No,12,0,No,,No,Intel HD Graphics 620,0.0,Cortana,12,22.8,Yes,,Yes,Yes,No,0,0
91,92,Dell,Inspiron 3668-7819BLK computer,desktop-computer,https://www.consumerreports.org/products/desktop-computer/dell-inspiron-3668-7819blk-388970/specs,No,,,No,,,11.6,Yes,,No,Yes,Yes,,,,Yes,1,,,No,Yes,14.0,,16,Yes,No,,4.0,0.0,,Windows 10 Pro,No,DVD burner,Core i7-7700,Yes,2000,No,12,0,No,,Yes,Nvidia GeForce GT 730/Intel HD Graphics 630,2048.0,Cortana,12,6.1,Yes,,No,No,No,0,0
92,93,Dell,Inspiron 5488-7536SLV computer,desktop-computer,https://www.consumerreports.org/products/desktop-computer/dell-inspiron-5488-7536slv-389333/specs,No,,,No,Yes,Yes,8.0,Yes,23.8,No,No,Yes,,,,No,1,,,Yes,Yes,17.6,1920 x 1080,12,Yes,No,,5.0,0.0,,Windows 10 Home,No,DVD burner,Core i7-7700T,Yes,1000,No,12,0,No,,No,Intel HD Graphics 630,0.0,Cortana,12,22.8,Yes,,Yes,Yes,No,0,0
93,94,Dell,Inspiron Desktop 3650 computer,desktop-computer,https://www.consumerreports.org/products/desktop-computer/dell-inspiron-desktop-3650-387270/specs,No,,,No,No,No,12.1,Yes,,No,No,Yes,Bronze,,,Yes,1,,,No,Yes,13.9,,8,Yes,No,,4.0,0.0,,Windows 10 Home,No,DVD burner,Core i5-6400,Yes,1000,No,12,0,No,,Yes,Intel HD Graphics 530,0.0,Cortana,12,6.1,Yes,,No,No,No,0,0
94,95,Dell,Inspiron I3452-600BLK computer,laptop,https://www.consumerreports.org/products/laptop/dell-inspiron-i3452-600blk-384994/specs,,41.0,None,,,,9.6,Yes,14.0,,No,Yes,Silver,No,No,,0,No,Yes,,,1.1,1366 x 768,2,Yes,,,,,3.0,Windows 10 Home,,None,Intel Celeron N3050 1.6GHz,,32,,12,0,,No,No,Intel HD Graphics,,,12,13.6,,802.11n,,,,0,0
95,96,Dell,Inspiron I3455-10041WHT computer,desktop-computer,https://www.consumerreports.org/products/desktop-computer/dell-inspiron-i3455-10041wht-384300/specs,No,,,No,Yes,Yes,5.9,Yes,23.8,No,No,No,,,,Yes,1,,,No,Yes,15.0,1920 x 1080,8,Yes,No,,3.0,0.0,,Windows 10 Home,No,DVD burner,A8-7410,Yes,1000,No,12,0,No,,No,AMD Radeon R5 Graphics,0.0,Cortana,12,22.7,Yes,,Yes,Yes,No,0,0
96,97,Dell,Inspiron i3567-3465BLK computer,laptop,https://www.consumerreports.org/products/laptop/dell-inspiron-i3567-3465blk-389334/specs,,41.0,D,,,,10.2,Yes,15.6,,No,Yes,Silver,No,No,,0,No,Yes,,,1.1,1366 x 768,8,Yes,,,,,3.0,Windows 10 Home,,CD/DVD burner,Intel Core i3-7100U 2.4GHz,,128,,12,0,,No,No,Intel HD Graphics 620,,,12,14.9,,802.11ac,,,,0,0
97,98,Dell,Inspiron I3647-3538BK computer,desktop-computer,https://www.consumerreports.org/products/desktop-computer/dell-inspiron-i3647-3538bk-383563/specs,No,,,No,,,15.5,Yes,,No,No,Yes,Silver,,,Yes,1,,,No,Yes,10.8,,4,Yes,Yes,,6.0,0.0,,Windows 8.1,No,DVD burner,Core i3-4160,Yes,1000,No,12,0,No,,Yes,Intel HD Graphics 4400,0.0,No,12,4.3,Yes,,No,No,Yes,0,0
98,99,Dell,Inspiron i5555-2843SLV computer,laptop,https://www.consumerreports.org/products/laptop/dell-inspiron-i5555-2843slv-388772/specs,,41.0,D,,,,10.2,Yes,15.6,,No,Yes,Silver,No,No,,0,No,Yes,,,1.1,1366 x 768,12,Yes,,,,,3.0,Windows 10 Home,,CD/DVD burner,AMD A10-8700P 1.8GHz,,1000,,12,0,,No,No,AMD Radeon R6,,,12,14.9,,802.11n,,,,0,0
99,100,Dell,Inspiron i5565-5851GRY computer,laptop,https://www.consumerreports.org/products/laptop/dell-inspiron-i5565-5851gry-388949/specs,,42.0,D,,,,10.2,Yes,15.6,,No,Yes,Silver,Windows Hello,No,,0,No,Yes,,,1.1,1920 x 1080,16,Yes,,,,,3.0,Windows 10 Home,,CD/DVD burner,AMD FX-9800P 2.7GHz,,1000,,12,0,,No,No,AMD Radeon R8 M445DX/AMD Radeon R7,4096.0,,12,15.4,,802.11ac,,,,1,0
100,101,Dell,Inspiron i5566-3000BLK computer,laptop,https://www.consumerreports.org/products/laptop/dell-inspiron-i5566-3000blk-388771/specs,,41.0,D,,,,10.2,Yes,15.6,,No,Yes,Silver,No,No,,0,No,Yes,,,1.2,1366 x 768,6,Yes,,,,,3.0,Windows 10 Home,,CD/DVD burner,Intel Core i3-7100U 2.4GHz,,1000,,12,0,,No,No,Intel HD Graphics 620,,,12,14.9,,802.11n,,,,0,0
101,102,Dell,Inspiron i5567 computer,laptop,https://www.consumerreports.org/products/laptop/dell-inspiron-i5567-388951/specs,,42.0,D,,,,10.2,Yes,15.6,,No,Yes,Silver,Windows Hello,No,,0,No,Yes,,,1.1,1920 x 1080,16,Yes,,,,,3.0,Windows 10 Home,,CD/DVD burner,Intel Core i7-7500U 2.7GHz,,1000,,12,0,,No,No,AMD Radeon R7 M440/Intel HD Graphics 620,4096.0,,12,15.4,,802.11ac,,,,1,0
102,103,Dell,Inspiron i5568-5240 computer,laptop,https://www.consumerreports.org/products/laptop/dell-inspiron-i5568-5240-387264/specs,,42.0,None,,,,9.9,Yes,15.6,,No,Yes,Silver,Windows Hello,No,,0,No,Yes,,,0.9,1920 x 1080,8,Yes,,,,,3.0,Windows 10 Home,,None,Intel Core i7-6500U 2.5GHz,,1000,,12,0,,Yes,No,Intel HD Graphics 520,,,12,15.0,,802.11ac,,,,1,0
103,104,Dell,Inspiron i5759-5306SLV computer,laptop,https://www.consumerreports.org/products/laptop/dell-inspiron-i5759-5306slv-385062/specs,,41.0,D,,,,11.2,Yes,17.3,,No,Yes,Silver,No,No,,0,No,Yes,,,1.3,1920 x 1080,8,Yes,,,,,3.0,Windows 10 Home,,CD/DVD burner,Intel Core i5-6200U 2.3GHz,,1000,,12,0,,No,No,Intel HD Graphics 520,,,12,16.3,,802.11ac,,,,0,0
104,105,Dell,Inspiron I7378-0028GRY computer,laptop,https://www.consumerreports.org/products/laptop/dell-inspiron-i7378-0028gry-388097/specs,,42.0,None,,,,8.8,Yes,13.3,,No,Yes,Silver,Windows Hello,No,,0,No,Yes,,,0.8,1920 x 1080,8,Yes,,,,,3.0,Windows 10 Home,,None,Intel Core i5-7200U 2.5GHz,,256,,12,0,,Yes,No,Intel HD Graphics 620,,,12,12.7,,802.11ac,,,,1,0
105,106,Dell,Inspiron i7567-5000BLK computer,laptop,https://www.consumerreports.org/products/laptop/dell-inspiron-i7567-5000blk-388640/specs,,74.0,None,,,,10.8,Yes,15.6,,No,Yes,Silver,No,No,,1,No,Yes,,,1.1,1920 x 1080,8,Yes,,,,,3.0,Windows 10 Home,,None,Intel Core i5-7300HQ 2.5GHz,,1000,,12,0,,Yes,No,Nvidia GeForce GTX1050/Intel HD Graphics 630,4096.0,,12,15.1,,802.11ac,,,,0,0
106,107,Dell,Inspiron I7579-0028GRY computer,laptop,https://www.consumerreports.org/products/laptop/dell-inspiron-i7579-0028gry-388094/specs,,42.0,None,,,,9.9,Yes,15.6,,No,Yes,Silver,Windows Hello,No,,0,No,Yes,,,0.8,1920 x 1080,8,Yes,,,,,3.0,Windows 10 Home,,None,Intel Core i5-7200U 2.5GHz,,256,,12,0,,Yes,No,Intel HD Graphics 620,,,12,14.9,,802.11ac,,,,1,0
107,108,Dell,XPS 12 2in1 computer,laptop,https://www.consumerreports.org/products/laptop/dell-xps-12-2in1-385666/specs,,29.0,None,,,,7.8,Yes,12.5,,No,Yes,Gold,No,No,,1,No,Yes,,,1.0,1920 x 1080,8,Yes,,,,,2.0,Windows 10 Home,,None,Intel Core m5-6Y54 1.1GHz,,128,,12,1,,Yes,Yes,Intel HD Graphics 515,,,12,11.4,,802.11ac,,,,0,0
108,109,Dell,XPS 13 Convertible computer,laptop,https://www.consumerreports.org/products/laptop/dell-xps-13-convertible-388659/specs,,46.0,None,,,,7.8,Yes,13.3,,No,Yes,Gold,No,Yes,,0,No,No,,,0.7,1920 x 1080,16,Yes,,,,,2.0,Windows 10 Home,,None,Intel Core i7-7Y75 1.3GHz,,256,,12,1,,Yes,No,Intel HD Graphics 615,,,12,12.0,,802.11ac,,,,0,1
109,110,Dell,XPS 15 Non-Touch computer,laptop,https://www.consumerreports.org/products/laptop/dell-xps-15-non-touch-384997/specs,,56.0,None,,,,9.3,Yes,15.6,,No,Yes,Gold,No,No,,0,No,Yes,,,0.9,1920 x 1080,8,Yes,,,,,3.0,Windows 10 Home,,None,Intel Core i5-6300HQ 2.3GHz,,1000,,12,1,,Yes,No,Nvidia GeForce GTX 960M/Intel HD Graphics 530,2048.0,,12,14.1,,802.11ac,,,,0,0
110,111,Dell,XPS 15 Touch 6th-Gen computer,laptop,https://www.consumerreports.org/products/laptop/dell-xps-15-touch-6th-gen-384998/specs,,84.0,None,,,,9.3,Yes,15.6,,No,Yes,Gold,No,No,,0,No,Yes,,,0.9,3840 x 2160,8,Yes,,,,,3.0,Windows 10 Home,,None,Intel Core i5-6300HQ 2.3GHz,,256,,12,1,,Yes,No,Nvidia GeForce GTX 960M/Intel HD Graphics 530,2048.0,,12,14.1,,802.11ac,,,,0,0
111,112,Dell,"XPS 27"" computer",desktop-computer,https://www.consumerreports.org/products/desktop-computer/dell-xps-27-385664/specs,No,,,No,Yes,Yes,9.9,Yes,27.0,No,No,Yes,Gold,,,No,1,,,Yes,Yes,19.3,2560 x 1440,8,Yes,Yes,,6.0,0.0,,Windows 10 Home,No,DVD burner,Core i5-4460S,Yes,1000,No,12,0,No,,No,Intel HD Graphics 4600,0.0,Cortana,12,26.1,Yes,,Yes,Yes,Yes,0,0
112,113,Dell,XPS 8910-4020SLV computer,desktop-computer,https://www.consumerreports.org/products/desktop-computer/dell-xps-8910-4020slv-388099/specs,Yes,,,No,,,14.0,Yes,,Yes,Yes,Yes,Silver,,,Yes,1,,,No,Yes,15.3,,16,Yes,No,,9.0,0.0,,Windows 10 Home,No,DVD burner,Core i7-6700,Yes,1000,Yes,12,0,No,,No,Nvidia GeForce GTX 750Ti/Intel HD Graphics 530,2048.0,Cortana,12,7.1,Yes,,No,No,No,0,0
113,114,Dell,XPS 8920-7529SLV computer,desktop-computer,https://www.consumerreports.org/products/desktop-computer/dell-xps-8920-7529slv-389332/specs,Yes,,,No,No,,14.1,Yes,,Yes,Yes,Yes,Silver,,,Yes,1,,,No,Yes,15.3,,16,Yes,No,,9.0,0.0,,Windows 10 Home,No,DVD burner,Core i7-7700,Yes,1000,Yes,12,0,No,,No,AMD Radeon RX 560/Intel HD Graphics 630,2048.0,Cortana,12,7.1,Yes,,No,No,No,0,0
114,115,Dell,XPS Tower computer,desktop-computer,https://www.consumerreports.org/products/desktop-computer/dell-xps-tower-387884/specs,Yes,,,No,No,No,14.1,Yes,,Yes,Yes,Yes,Bronze,,,Yes,1,,,No,Yes,15.3,,8,Yes,No,,9.0,0.0,,Windows 10 Home,No,DVD burner,Core i5-6400,Yes,1000,No,12,0,No,,Yes,NVIDIA GeForce 730/Intel HD Graphics 530,2048.0,Cortana,12,7.0,Yes,,No,No,No,0,0
115,116,Google,Chromebook Pixel 2015 computer,chromebooks,https://www.consumerreports.org/products/chromebooks/google-chromebook-pixel-2015-374109/specs,,,,,,Yes,8.9,,,,,Yes,,,,,0,,No,,,0.6,2560 x 1700,8,Yes,,Yes,,,4.0,Chrome OS 41.0.2272.102,,,Core i5-5200U,,32,,12,0,,,,Intel HD Graphics 5500,,,12,11.7,Yes,,,,,0,0
116,117,HP,15-ay013dx computer,laptop,https://www.consumerreports.org/products/laptop/hp-15-ay013dx-386445/specs,,31.0,D,,,,10.0,Yes,15.6,,No,Yes,Silver,No,No,,0,No,Yes,,,1.0,1366 x 768,6,Yes,,,,,3.0,Windows 10 Home,,CD/DVD burner,Intel Core i5-6200U 2.3GHz,,1000,,12,0,,No,No,Intel HD Graphics 520,,,12,15.2,,802.11n,,,,0,0
117,118,HP,15-AY103DX computer,laptop,https://www.consumerreports.org/products/laptop/hp-15-ay103dx-388643/specs,,31.0,D,,,,10.1,Yes,15.6,,No,Yes,,No,No,,0,No,Yes,,,1.1,1366 x 768,8,Yes,,,,,3.0,Windows 10 Home,,CD/DVD burner,Intel Core i5-7200U 2.5GHz,,1000,,12,0,,No,No,Intel HD Graphics 620,,,12,15.1,,802.11n,,,,0,0
118,119,HP,15-BA061DX computer,laptop,https://www.consumerreports.org/products/laptop/hp-15-ba061dx-389340/specs,,31.0,D,,,,10.1,Yes,15.6,,No,Yes,Gold,No,No,,0,No,Yes,,,1.0,1366 x 768,6,Yes,,,,,3.0,Windows 10 Home,,CD/DVD burner,AMD A12-9700P 2.5GHz,,1000,,12,0,,No,No,AMD Radeon R7 Graphics,,,12,15.1,,802.11n,,,,0,0
119,120,HP,17-X116DX computer,laptop,https://www.consumerreports.org/products/laptop/hp-17-x116dx-388645/specs,,32.0,D,,,,11.0,Yes,17.3,,No,Yes,,No,No,,0,No,Yes,,,1.1,1600 x 900,8,Yes,,,,,3.0,Windows 10 Home,,CD/DVD burner,Intel Core i5-7200U 2.5GHz,,1000,,12,0,,No,No,Intel HD Graphics 620,,,12,16.4,,802.11n,,,,0,0
120,121,HP,20-C020 computer,desktop-computer,https://www.consumerreports.org/products/desktop-computer/hp-20-c020-387269/specs,No,,,No,Yes,Yes,7.3,Yes,19.5,No,No,Yes,Gold,,,Yes,1,,,No,Yes,14.5,1600 x 900,4,Yes,No,,2.0,0.0,,Windows 10 Home,No,DVD burner,E2-7110,Yes,1000,No,12,0,No,,Yes,AMD Radeon R2 Series,0.0,Cortana,12,19.6,Yes,,No,No,No,0,0
121,122,HP,24-g227c computer,desktop-computer,https://www.consumerreports.org/products/desktop-computer/hp-24-g227c-388965/specs,No,,,No,Yes,Yes,7.8,Yes,23.8,No,No,Yes,Gold,,,Yes,1,,,No,Yes,16.5,1920 x 1080,8,Yes,No,,3.0,0.0,,Windows 10 Home,No,DVD burner,Core i5-7200U,Yes,1000,No,12,0,No,,No,Intel HD Graphics 620,0.0,Cortana,12,22.9,Yes,,Yes,Yes,No,0,0
122,123,HP,All-in-One 22-3110 computer,desktop-computer,https://www.consumerreports.org/products/desktop-computer/hp-all-in-one-22-3110-384301/specs,No,,,No,Yes,Yes,6.3,Yes,21.5,No,No,Yes,Silver,,,Yes,1,,,No,Yes,14.3,1920 x 1080,4,Yes,No,,3.0,0.0,,Windows 10 Home,No,DVD burner,E1-6015,Yes,1000,No,12,0,No,,No,AMD Radeon R2 Series,0.0,Cortana,12,21.4,Yes,,No,No,No,0,0
123,124,HP,Chromebook 11-2210nr computer,chromebooks,https://www.consumerreports.org/products/chromebooks/hp-chromebook-11-2210nr-385058/specs,,,,,,Yes,8.2,,,,,Yes,Silver,,,,0,,Yes,,,0.9,1366 x 768,2,Yes,,Yes,,,2.0,Chrome OS 47.0.2520.80,,,Celeron N2840,,16,,12,0,,,,Intel HD Graphics,,,12,11.8,Yes,,,,,0,0
124,125,HP,ChromeBook 11-V011DX computer,chromebooks,https://www.consumerreports.org/products/chromebooks/hp-chromebook-11-v011dx-388092/specs,,,,,,Yes,8.1,,,,,Yes,Gold,,,,0,,Yes,,,0.8,1366 x 768,4,Yes,,Yes,,,2.0,Chrome OS 54.0.2840.101,,,Celeron N3060,,16,,12,0,,,,Intel HD Graphics 400,,,12,11.3,Yes,,,,,0,0
125,126,HP,Chromebook 11-V012NR computer,chromebooks,https://www.consumerreports.org/products/chromebooks/hp-chromebook-11-v012nr-388947/specs,,,,,,Yes,8.1,,,,,Yes,Silver,,,,0,,Yes,,,0.8,1366 x 768,4,Yes,,Yes,,,2.0,Chrome OS 57.0.2987.146,,,Celeron N3060,,16,,12,0,,,,Intel HD Graphics 400,,,12,11.3,Yes,,,,,0,0
126,127,HP,Chromebook 13 computer,chromebooks,https://www.consumerreports.org/products/chromebooks/hp-chromebook-13-386279/specs,,,,,,Yes,8.6,,,,,Yes,Silver,,,,0,,No,,,0.6,3200 x 1800,4,Yes,,Yes,,,3.0,Chrome OS 50.0.2661.87,,,Pentium 4405Y,,32,,12,0,,,,Intel HD Graphics 515,,,12,12.6,Yes,,,,,0,0
127,128,HP,Chromebook 14-AK031NR computer,chromebooks,https://www.consumerreports.org/products/chromebooks/hp-chromebook-14-ak031nr-388946/specs,,,,,,Yes,9.4,,,,,Yes,Silver,,,,0,,Yes,,,0.8,1366 x 768,4,Yes,,Yes,,,3.0,Chrome OS 57.0.2987.146,,,Celeron N2840,,16,,12,0,,,,Intel HD Graphics,,,12,13.6,Yes,,,,,0,0
128,129,HP,ENVY 13-d010nr computer,laptop,https://www.consumerreports.org/products/laptop/hp-envy-13-d010nr-384991/specs,,45.0,None,,,,9.0,Yes,13.3,,No,Yes,Silver,No,Yes,,0,No,Yes,,,0.6,3200 x 1800,8,Yes,,,,,3.0,Windows 10 Home,,None,Intel Core i5-6200U 2.3GHz,,128,,12,0,,Yes,No,Intel HD Graphics 520,,,12,12.9,,802.11ac,,,,0,1
129,130,HP,ENVY 17t computer,laptop,https://www.consumerreports.org/products/laptop/hp-envy-17t-384316/specs,,41.0,D,,,,11.1,Yes,17.3,,No,Yes,Silver,No,Yes,,1,No,Yes,,,1.3,1920 x 1080,16,Yes,,,,,4.0,Windows 10 Home,,CD/DVD burner,Intel Core i7-5500U 2.4GHz,,1000,,12,0,,Yes,No,Nvidia GeForce 940M/Intel HD Graphics 5500,2048.0,,12,16.4,,802.11ac,,,,0,1
130,131,HP,ENVY 27-b014 computer,desktop-computer,https://www.consumerreports.org/products/desktop-computer/hp-envy-27-b014-388100/specs,No,,,No,Yes,Yes,7.4,Yes,27.0,No,Yes,Yes,Silver,,,No,1,,,Yes,Yes,17.9,2560 x 1440,16,Yes,No,,5.0,0.0,,Windows 10 Home,No,None,Core i7-6700T,Yes,2256,Yes,12,1,No,,No,Nvidia GeForce GTX 950M/Intel HD Graphics 530,4096.0,Cortana,12,24.3,Yes,,Yes,Yes,No,0,0
131,132,HP,Envy 27-b110 computer,desktop-computer,https://www.consumerreports.org/products/desktop-computer/hp-envy-27-b110-388776/specs,No,,,No,Yes,Yes,7.5,Yes,27.0,No,No,Yes,Silver,,,No,1,,,Yes,Yes,17.9,2560 x 1440,16,Yes,No,,5.0,0.0,,Windows 10 Home,No,None,Core i7-7700T,Yes,1128,Yes,12,1,No,,No,Nvidia GeForce GTX 950M/Intel HD Graphics 630,4096.0,Cortana,12,24.4,Yes,,Yes,Yes,No,0,0
132,133,HP,ENVY 27-p020qe computer,desktop-computer,https://www.consumerreports.org/products/desktop-computer/hp-envy-recline-27-386663/specs,No,,,No,Yes,Yes,7.3,Yes,27.0,No,No,No,,,,No,1,,,Yes,Yes,18.2,3840 x 2160,8,Yes,No,,6.0,2.0,,Windows 10 Home,No,None,Core i5-6400T,Yes,1000,Yes,12,0,No,,No,AMD Radeon R9 A375/Intel HD Graphics 530,4096.0,No,12,29.9,Yes,,Yes,Yes,No,0,0
133,134,HP,ENVY 34-a010 computer,desktop-computer,https://www.consumerreports.org/products/desktop-computer/hp-envy-34-a010-385057/specs,No,,,No,Yes,Yes,7.1,Yes,34.0,No,No,Yes,Silver,,,No,1,,,Yes,Yes,18.5,3440 x 1440,12,Yes,No,,6.0,0.0,,Windows 10 Home,No,None,Core i5-6400T,Yes,1000,Yes,12,0,No,,No,Nvidia GeForce GTX 960A/Intel HD Graphics 530,2048.0,Cortana,12,36.6,Yes,,Yes,Yes,No,0,0
134,135,HP,ENVY 750-114 computer,desktop-computer,https://www.consumerreports.org/products/desktop-computer/hp-envy-750-114-384814/specs,No,,,No,,,16.0,Yes,,No,No,No,,,,No,1,,,No,Yes,15.8,,12,Yes,No,,7.0,0.0,,Windows 10 Home,No,DVD burner,Core i5-6400,Yes,2000,No,12,0,No,,No,Intel HD Graphics 530,0.0,Cortana,12,6.5,Yes,,Yes,Yes,No,0,0
135,136,HP,Envy 750-467c computer,desktop-computer,https://www.consumerreports.org/products/desktop-computer/hp-envy-750-467c-389574/specs,No,,,No,,,16.3,Yes,,No,Yes,No,,,,No,1,,,No,Yes,15.8,,16,Yes,Yes,,5.0,0.0,,Windows 10 Pro,No,DVD burner,Core i7-6700,Yes,1000,Yes,24,0,No,,No,Nvidia GeForce GTX 750 Ti,4096.0,Cortana,24,6.5,Yes,,No,No,No,0,0
136,137,HP,Envy 750-514 computer,desktop-computer,https://www.consumerreports.org/products/desktop-computer/hp-envy-750-514-389328/specs,No,,,No,,,16.3,Yes,,No,No,No,,,,No,1,,,No,Yes,15.8,,12,Yes,Yes,,6.0,0.0,,Windows 10 Home,No,DVD burner,Core i5-7400,Yes,1128,No,12,0,No,,No,Intel HD Graphics 630,0.0,Cortana,12,6.5,Yes,,Yes,Yes,No,0,0
137,138,HP,Envy Laptop 15t computer,laptop,https://www.consumerreports.org/products/laptop/hp-envy-laptop-15t-387685/specs,,53.0,None,,,,10.1,Yes,15.6,,No,No,,No,No,,0,No,Yes,,,0.8,3840 x 2160,16,Yes,,,,,4.0,Windows 10 Pro,,None,Intel Core i7-6560U 2.2GHz,,512,,12,0,,Yes,No,Intel Iris Graphics 540,1024.0,,12,15.0,,802.11ac,,,,0,0
138,139,HP,ENVY M7-U109DX computer,laptop,https://www.consumerreports.org/products/laptop/hp-envy-m7-u109dx-388095/specs,,41.0,D,,,,11.2,Yes,17.3,,No,Yes,Silver,Windows Hello,No,,1,No,Yes,,,1.1,1920 x 1080,16,Yes,,,,,4.0,Windows 10 Home,,CD/DVD burner,Intel Core i7-7500U 2.7GHz,,1000,,12,0,,Yes,No,Nvidia GeForce 940MX/Intel HD Graphics 620,2048.0,,12,16.4,,802.11ac,,,,1,0
139,140,HP,ENVY x360 15t Touch 7th Gen computer,laptop,https://www.consumerreports.org/products/laptop/hp-envy-x360-15t-touch-7th-gen-387889/specs,,47.0,None,,,,9.8,Yes,15.6,,No,Yes,Silver,No,No,,1,No,Yes,,,1.0,1920 x 1080,8,Yes,,,,,3.0,Windows 10 Home,,None,Intel Core i5-7200U 2.5GHz,,1000,,12,0,,Yes,No,Intel HD Graphics 620,,,12,15.1,,802.11ac,,,,0,0
140,141,HP,Laptop 17.3 computer,laptop,https://www.consumerreports.org/products/laptop/hp-laptop-17-3-386464/specs,,31.0,D,,,,10.9,Yes,17.3,,No,Yes,Silver,No,No,,0,No,Yes,,,1.1,1600 x 900,4,Yes,,,,,3.0,Windows 10 Home,,CD/DVD burner,Intel Core i5-6200U 2.3GHz,,1000,,12,0,,No,No,Intel HD Graphics 520,,,12,16.4,,802.11n,,,,0,0
141,142,HP,Pavilion 15 AMD computer,laptop,https://www.consumerreports.org/products/laptop/hp-pavilion-15-amd-386454/specs,,41.0,D,,,,9.7,Yes,15.6,,No,Yes,,No,No,,0,No,Yes,,,1.0,1366 x 768,8,Yes,,,,,3.0,Windows 10 Home,,CD/DVD burner,AMD A9-9410 2.9GHz,,1000,,12,0,,No,No,AMD Radeon R5 Graphics,,,12,15.1,,802.11n,,,,0,0
142,143,HP,Pavilion 15 Gaming computer,laptop,https://www.consumerreports.org/products/laptop/hp-pavilion-15-gaming-386456/specs,,41.0,D,,,,9.8,Yes,15.6,,No,Yes,Silver,No,No,,0,No,Yes,,,0.9,1366 x 768,6,Yes,,,,,3.0,Windows 10 Home,,CD/DVD burner,Intel Core i5-6200U 2.3GHz,,1000,,12,0,,No,No,Intel HD Graphics 520,,,12,15.1,,802.11n,,,,0,0
143,144,HP,Pavilion 15 i5 computer,laptop,https://www.consumerreports.org/products/laptop/hp-pavilion-15-i5-386455/specs,,62.0,None,,,,10.2,Yes,15.6,,No,Yes,Silver,No,No,,1,No,Yes,,,1.1,1920 x 1080,8,Yes,,,,,3.0,Windows 10 Home,,None,Intel Core i5-6300HQ 2.3GHz,,1000,,12,0,,No,No,Nvidia GeForce GTX 950M/Intel HD Graphics 530,2048.0,,12,15.1,,802.11ac,,,,0,0
144,145,HP,Pavilion 15-ab220nr computer,laptop,https://www.consumerreports.org/products/laptop/hp-pavilion-15-ab220nr-384992/specs,,40.0,D,,,,10.4,Yes,15.6,,No,Yes,Silver,No,No,,0,No,Yes,,,1.1,1366 x 768,6,Yes,,,,,3.0,Windows 10 Home,,CD/DVD burner,Intel Core i5-6200U 2.3GHz,,1000,,12,0,,No,No,Intel HD Graphics 520,,,12,15.2,,802.11n,,,,0,0
145,146,HP,Pavilion 15-bc020nr computer,laptop,https://www.consumerreports.org/products/laptop/hp-pavilion-15-bc020nr-387887/specs,,62.0,None,,,,10.2,Yes,15.6,,No,Yes,Gold,No,No,,1,No,Yes,,,1.2,1920 x 1080,12,Yes,,,,,3.0,Windows 10 Home,,None,Intel Core i5-6300HQ 2.3GHz,,1000,,12,0,,No,No,Nvidia GeForce GTX 960M/Intel HD Graphics 530,4096.0,,12,15.1,,802.11ac,,,,0,0
146,147,HP,Pavilion 17 Gaming computer,laptop,https://www.consumerreports.org/products/laptop/hp-pavilion-17-gaming-386457/specs,,63.0,D,,,,11.3,Yes,17.3,,No,Yes,Silver,No,No,,1,No,Yes,,,1.3,1920 x 1080,12,Yes,,,,,3.0,Windows 10 Home,,CD/DVD burner,Intel Core i5-6300HQ 2.3GHz,,1000,,12,0,,No,No,Nvidia GeForce 960M/Intel HD Graphics 530,2048.0,,12,16.4,,802.11ac,,,,0,0
147,148,HP,Pavilion 17-g148dx computer,laptop,https://www.consumerreports.org/products/laptop/hp-pavilion-17-g148dx-386109/specs,,43.0,D,,,,11.4,Yes,17.3,,No,Yes,Gold,No,No,,0,No,Yes,,,1.2,1600 x 900,4,Yes,,,,,3.0,Windows 10 Home,,CD/DVD burner,Intel Core i3-5020U 2.2GHz,,1000,,12,0,,No,No,Intel HD Graphics 5500,,,12,16.5,,802.11n,,,,0,0
148,149,HP,Pavilion 24-b040qe computer,desktop-computer,https://www.consumerreports.org/products/desktop-computer/hp-pavilion-24qe-387104/specs,No,,,No,Yes,Yes,7.5,Yes,23.8,No,No,Yes,Silver,,,No,1,,,No,Yes,17.6,1920 x 1080,12,Yes,No,,3.0,2.0,,Windows 10 Home,No,DVD burner,Core i5-6400T,Yes,1000,Yes,12,0,No,,No,Nvidia GeForce 930MX/Intel HD Graphics 530,2048.0,Cortana,12,22.9,Yes,,No,No,No,0,0
149,150,HP,Pavilion 24-b217c computer,desktop-computer,https://www.consumerreports.org/products/desktop-computer/hp-pavilion-24-b217c-388966/specs,No,,,No,Yes,Yes,7.6,Yes,23.8,No,No,Yes,Silver,,,No,1,,,No,Yes,17.5,1920 x 1080,12,Yes,No,,3.0,0.0,,Windows 10 Home,No,DVD burner,Core i5-7400T,Yes,1000,Yes,24,0,No,,No,Nvidia GeForce 930MX/Intel HD Graphics 630,2048.0,Cortana,24,22.9,Yes,,No,No,No,0,0
150,151,HP,Pavilion 24-b230 computer,desktop-computer,https://www.consumerreports.org/products/desktop-computer/hp-pavilion-24-b230-388775/specs,No,,,No,Yes,Yes,7.6,Yes,23.8,No,No,Yes,Silver,,,No,1,,,No,Yes,17.6,1920 x 1080,8,Yes,No,,4.0,0.0,,Windows 10 Home,No,DVD burner,Core i5-7400T,Yes,1000,No,12,0,No,,No,Intel HD Graphics 630,0.0,Cortana,12,22.9,Yes,,Yes,Yes,No,0,0
151,152,HP,Pavilion 27-a230 computer,desktop-computer,https://www.consumerreports.org/products/desktop-computer/hp-pavilion-27-a230-388774/specs,No,,,No,Yes,Yes,8.0,Yes,27.0,No,No,Yes,Gold,,,No,1,,,No,Yes,19.6,1920 x 1080,12,Yes,No,,4.0,0.0,,Windows 10 Home,No,DVD burner,Core i5-7400T,Yes,1000,No,12,0,No,,No,Intel HD Graphics 630,0.0,Cortana,12,25.8,Yes,,Yes,Yes,No,0,0
152,153,HP,Pavilion 27-n220 computer,desktop-computer,https://www.consumerreports.org/products/desktop-computer/hp-pavilion-27-n220-386120/specs,No,,,No,Yes,Yes,8.3,Yes,27.0,No,No,Yes,,,,Yes,1,,,No,Yes,19.6,1920 x 1080,8,Yes,No,,4.0,0.0,,Windows 10 Home,No,DVD burner,Core i3-6100T,Yes,1000,No,12,0,No,,No,Intel HD Graphics 530,0.0,Cortana,12,26.3,Yes,,No,No,No,0,0
153,154,HP,Pavilion 510xt computer,desktop-computer,https://www.consumerreports.org/products/desktop-computer/hp-pavilion-510xt-387103/specs,No,,,No,,,12.4,Yes,,No,No,No,,,,No,1,,,No,Yes,12.8,,8,Yes,No,,3.0,0.0,,Windows 10 Home,No,DVD burner,Core i5-6400T,Yes,1000,No,12,0,No,,Yes,AMD Radeon R5 330/Intel HD Graphics 530,2048.0,Cortana,12,6.5,Yes,,No,No,No,0,0
154,155,HP,Pavilion 550-310 computer,desktop-computer,https://www.consumerreports.org/products/desktop-computer/hp-pavilion-550-310-387267/specs,No,,,No,No,No,14.8,Yes,,No,No,Yes,Silver,,,No,1,,,No,Yes,14.3,,16,Yes,No,,6.0,0.0,,Windows 10 Home,No,DVD burner,A10-8750,Yes,1000,No,12,0,No,,Yes,AMD Radeon R7,1024.0,Cortana,12,6.4,Yes,,No,No,No,0,0
155,156,HP,Pavilion 570-P014 computer,desktop-computer,https://www.consumerreports.org/products/desktop-computer/hp-pavilion-570-p014-389329/specs,No,,,No,No,,12.5,Yes,,No,No,Yes,Silver,,,Yes,1,,,No,Yes,12.7,,8,Yes,No,,4.0,0.0,,Windows 10 Home,No,DVD burner,A10-9700,Yes,1000,No,12,0,No,,Yes,AMD Radeon R7,0.0,Cortana,12,6.4,Yes,,No,No,No,0,0
156,157,HP,Pavilion 570-p017c computer,desktop-computer,https://www.consumerreports.org/products/desktop-computer/hp-pavilion-570-p017c-388967/specs,No,,,No,,,12.6,Yes,,Yes,Yes,Yes,Silver,,,No,1,,,No,Yes,12.8,,16,Yes,No,,4.0,0.0,,Windows 10 Home,No,DVD burner,Core i5-7400,Yes,1000,Yes,12,0,No,,No,AMD Radeon R7 450,2048.0,Cortana,12,6.4,Yes,,No,No,No,0,0
157,158,HP,Pavilion 570-p027c computer,desktop-computer,https://www.consumerreports.org/products/desktop-computer/hp-pavilion-570-p027c-388971/specs,No,,,No,,,12.6,Yes,,No,No,Yes,Silver,,,No,1,,,No,Yes,12.8,,12,Yes,No,,4.0,0.0,,Windows 10 Home,No,DVD burner,Core i5-7400,Yes,1128,No,12,0,No,,Yes,Intel HD Graphics 630,0.0,Cortana,12,6.4,Yes,,No,No,No,0,0
158,159,HP,Pavilion M1-U001DX computer,laptop,https://www.consumerreports.org/products/laptop/hp-pavilion-m1-u001dx-386340/specs,,35.0,None,,,,8.1,Yes,11.6,,No,Yes,Silver,No,No,,0,No,Yes,,,0.8,1366 x 768,4,Yes,,,,,3.0,Windows 10 Home,,None,Intel Pentium N3710 1.6GHz,,500,,12,0,,Yes,No,Intel HD Graphics,,,12,12.0,,802.11ac,,,,0,0
159,160,HP,Pavilion M3-U101DX x360 computer,laptop,https://www.consumerreports.org/products/laptop/hp-pavilion-m3-u101dx-x360-388646/specs,,42.0,None,,,,8.8,Yes,13.3,,No,Yes,Gold,No,No,,0,No,Yes,,,0.9,1366 x 768,6,Yes,,,,,3.0,Windows 10 Home,,None,Intel Core i3-7100U 2.4GHz,,500,,12,0,,No,No,Intel HD Graphics 620,,,12,12.9,,802.11ac,,,,0,0
160,161,HP,Pavilion Wave Desktop - 600-a020xt computer,desktop-computer,https://www.consumerreports.org/products/desktop-computer/hp-pavilion-wave-desktop-600-a020xt-387883/specs,No,,,No,No,No,6.6,Yes,,Yes,No,Yes,Silver,,,No,0,,,No,Yes,10.3,,8,Yes,No,,4.0,0.0,,Windows 10 Home,No,None,Core i5-6400T,Yes,1000,Yes,12,0,No,,No,AMD Radeon R9 M470/Intel HD Graphics 530,2048.0,Cortana,12,6.9,Yes,,Yes,Yes,No,0,0
161,162,HP,Pavilion x2 12b010nr computer,laptop,https://www.consumerreports.org/products/laptop/hp-pavilion-x2-12b010nr-385667/specs,,33.0,None,,,,8.7,Yes,12.0,,No,Yes,Silver,No,No,,0,No,Yes,,,0.8,1920 x 1280,2,Yes,,,,,2.0,Windows 10 Home,,None,Intel Atom x5-Z8500 1.44GHz,,64,,12,0,,No,No,Intel HD Graphics,,,12,11.8,,802.11ac,,,,0,0
162,163,HP,Pavilion x360 11.6 computer,laptop,https://www.consumerreports.org/products/laptop/hp-pavilion-x360-11-6-386461/specs,,35.0,None,,,,8.3,Yes,11.6,,No,Yes,Silver,No,No,,0,No,Yes,,,0.8,1366 x 768,4,Yes,,,,,3.0,Windows 10 Home,,None,Intel Celeron N3060 1.6GHz,,500,,12,0,,No,No,Intel HD Graphics 400,,,12,12.1,,802.11n,,,,0,0
163,164,HP,Pavilion x360 13.3 computer,laptop,https://www.consumerreports.org/products/laptop/hp-pavilion-x360-13-3-386463/specs,,42.0,None,,,,8.8,Yes,13.3,,No,Yes,Gold,No,No,,0,No,Yes,,,0.8,1366 x 768,4,Yes,,,,,3.0,Windows 10 Home,,None,Intel Core i5-6200U 2.3GHz,,500,,12,0,,No,No,Intel HD Graphics 520,,,12,12.9,,802.11n,,,,0,0
164,165,HP,Pavilion x360 15.6 computer,laptop,https://www.consumerreports.org/products/laptop/hp-pavilion-x360-15-6-386462/specs,,47.0,None,,,,9.9,Yes,15.6,,No,Yes,Silver,No,No,,1,No,Yes,,,1.1,1366 x 768,8,Yes,,,,,3.0,Windows 10 Home,,None,Intel Core i5-6200U 2.3GHz,,1000,,12,0,,Yes,No,Intel HD Graphics 520,,,12,15.0,,802.11ac,,,,0,0
165,166,HP,Pavilion x360 m3-u103dx computer,laptop,https://www.consumerreports.org/products/laptop/hp-pavilion-x360-m3-u103dx-388096/specs,,42.0,None,,,,8.8,Yes,13.3,,No,Yes,Gold,No,No,,0,No,Yes,,,0.8,1920 x 1080,8,Yes,,,,,3.0,Windows 10 Home,,None,Intel Core i5-7200U 2.5GHz,,128,,12,0,,No,No,Intel HD Graphics 620,,,12,12.9,,802.11ac,,,,0,0
166,167,HP,Pavilion x360-11t computer,laptop,https://www.consumerreports.org/products/laptop/hp-pavilion-x360-11t-386338/specs,,31.0,None,,,,8.2,Yes,11.6,,No,Yes,Silver,No,No,,0,No,Yes,,,0.9,1366 x 768,4,Yes,,,,,3.0,Windows 10 Home,,None,Intel Celeron N3050 1.6GHz,,500,,12,0,,No,No,Intel HD Graphics,,,12,12.1,,802.11n,,,,0,0
167,168,HP,Pavilion x360-13t computer,laptop,https://www.consumerreports.org/products/laptop/hp-pavilion-x360-13t-386339/specs,,49.0,None,,,,8.8,Yes,13.3,,No,Yes,Silver,No,No,,0,No,Yes,,,0.9,1366 x 768,4,Yes,,,,,3.0,Windows 10 Home,,None,Intel Core i3-6100U 2.3GHz,,500,,12,0,,No,No,Intel HD Graphics 520,,,12,12.9,,802.11ac,,,,0,0
168,169,HP,Slimline 270-a016 computer,desktop-computer,https://www.consumerreports.org/products/desktop-computer/hp-slimline-270-a016-389330/specs,No,,,No,,,12.6,Yes,,No,No,Yes,Silver,,,Yes,1,,,No,Yes,10.9,,8,Yes,No,,4.0,0.0,,Windows 10 Home,No,DVD burner,A9-9430,Yes,1000,No,12,0,No,,Yes,AMD Radeon R5,0.0,Cortana,12,4.0,Yes,,No,No,No,0,0
169,170,HP,Spectre 13-v011dx computer,laptop,https://www.consumerreports.org/products/laptop/hp-spectre-13-v011dx-386110/specs,,38.0,None,,,,9.0,No,13.3,,No,Yes,Silver,No,No,,0,No,No,,,0.5,1920 x 1080,8,No,,,,,3.0,Windows 10 Home,,None,Intel Core i7-6500U 2.5GHz,,256,,12,1,,Yes,No,Intel HD Graphics 520,,,12,12.8,,802.11ac,,,,0,0
170,171,HP,Spectre 15-BL012DX x360 computer,laptop,https://www.consumerreports.org/products/laptop/hp-spectre-15-bl012dx-x360-388638/specs,,79.0,None,,,,9.9,Yes,15.6,,No,Yes,Silver,No,No,,0,No,Yes,,,0.8,3840 x 2160,16,Yes,,,,,3.0,Windows 10 Home,,None,Intel Core i7-7500U 2.7GHz,,512,,12,1,,Yes,No,Nvidia GeForce 940MX/Intel HD Graphics 620,2048.0,,12,14.2,,802.11ac,,,,0,0
171,172,HP,Spectre x360 13-4103dx computer,laptop,https://www.consumerreports.org/products/laptop/hp-spectre-x360-13-4103dx-384989/specs,,55.0,None,,,,8.6,Yes,13.3,,No,Yes,Silver,No,No,,0,No,Yes,,,0.7,1920 x 1080,8,Yes,,,,,3.0,Windows 10 Home,,None,Intel Core i7-6500U 2.5GHz,,256,,12,0,,Yes,No,Intel HD Graphics 520,,,12,12.8,,802.11ac,,,,0,0
172,173,HP,Spectre x360 13-AC013DX computer,laptop,https://www.consumerreports.org/products/laptop/hp-spectre-x360-13-ac013dx-388767/specs,,60.0,None,,,,8.6,No,13.3,,No,Yes,Silver,Windows Hello,No,,0,No,No,,,0.6,1920 x 1080,8,No,,,,,3.0,Windows 10 Home,,None,Intel Core i7-7500U 2.7GHz,,256,,12,1,,Yes,No,Intel HD Graphics 620,,,12,12.1,,802.11ac,,,,1,0
173,174,HP,Spectre x360 13t computer,laptop,https://www.consumerreports.org/products/laptop/hp-spectre-x360-13t-387888/specs,,58.0,None,,,,8.6,No,13.3,,No,Yes,Gold,Windows Hello,No,,0,No,No,,,0.6,1920 x 1080,8,No,,,,,3.0,Windows 10 Home,,None,Intel Core i5-7200U 2.5GHz,,256,,12,1,,Yes,No,Intel HD Graphics 620,,,12,12.1,,802.11ac,,,,1,0
174,175,HP,Spectre x360-15t computer,laptop,https://www.consumerreports.org/products/laptop/hp-spectre-x360-15t-385668/specs,,66.0,None,,,,9.8,Yes,15.6,,No,Yes,Gold,No,No,,0,No,Yes,,,0.6,1920 x 1080,8,Yes,,,,,4.0,Windows 10 Home,,None,Intel Core i5-6200U 2.3GHz,,256,,12,0,,Yes,No,Intel HD Graphics 520,,,12,14.9,,802.11ac,,,,0,0
175,176,HP,Stream 11-y010nr computer,laptop,https://www.consumerreports.org/products/laptop/hp-stream-11-y010nr-387459/specs,,37.0,None,,,,8.1,Yes,11.6,,No,Yes,Gold,No,No,,0,No,Yes,,,0.8,1366 x 768,4,Yes,,,,,2.0,Windows 10 Home,,None,Intel Celeron N3060 1.6GHz,,32,,12,0,,No,No,Intel HD Graphics,,,12,11.8,,802.11ac,,,,0,0
176,177,HP,Stream 14-ax010nr computer,laptop,https://www.consumerreports.org/products/laptop/hp-stream-14-ax010nr-387686/specs,,41.0,None,,,,8.9,Yes,14.0,,No,Yes,Silver,No,No,,0,No,Yes,,,0.8,1366 x 768,4,Yes,,,,,3.0,Windows 10 Home,,None,Intel Celeron N3060 1.6GHz,,32,,12,0,,No,No,Intel HD Graphics 400,,,12,13.3,,802.11ac,,,,0,0
177,178,HP,x2 10-p020nr computer,laptop,https://www.consumerreports.org/products/laptop/hp-x2-10-p020nr-387886/specs,,33.0,None,,,,7.3,Yes,10.1,,No,Yes,,No,No,,0,No,Yes,,,0.8,1920 x 1080,2,Yes,,,,,2.0,Windows 10 Home,,None,Intel Atom x5-Z8350 1.44GHz,,32,,12,0,,Yes,No,Intel HD Graphics,,,12,10.5,,802.11ac,,,,0,0
178,179,Huawei,Matebook computer,laptop,https://www.consumerreports.org/products/laptop/huawei-matebook-387684/specs,,33.0,None,,,,7.8,No,12.0,,No,No,,No,Yes,,0,No,No,,,0.7,2160 x 1440,4,No,,,,,1.0,Windows 10 Home,,None,Intel Core m3-6Y30 0.9GHz,,128,,12,0,,No,No,Intel HD Graphics 515,,,12,10.9,,802.11ac,,,,0,1
181,182,Lenovo,100S Chromebook computer,chromebooks,https://www.consumerreports.org/products/chromebooks/lenovo-100s-chromebook-384986/specs,,,,,,Yes,8.2,,,,,Yes,,,,,0,,Yes,,,0.9,1366 x 768,2,Yes,,Yes,,,2.0,Chrome OS 46.0.2490.71,,,Celeron N2830,,32,,12,0,,,,Intel HD Graphics,,,12,11.8,Yes,,,,,0,0
182,183,Lenovo,110-15IBR 80T7000HUS computer,laptop,https://www.consumerreports.org/products/laptop/lenovo-110-15ibr-386678/specs,,24.0,D,,,,10.4,Yes,15.6,,No,No,,No,No,,0,No,Yes,,,0.9,1366 x 768,4,Yes,,,,,2.0,Windows 10 Home,,CD/DVD burner,Intel Celeron N3060 1.6GHz,,500,,12,0,,No,No,Intel HD Graphics 400,,,12,14.9,,802.11ac,,,,0,0
183,184,Lenovo,300-17ISK 80QH008MUS computer,laptop,https://www.consumerreports.org/products/laptop/lenovo-300-17isk-386677/specs,,42.0,D,,,,11.5,Yes,17.3,,No,No,,No,No,,1,No,Yes,,,1.1,1600 x 900,4,Yes,,,,,3.0,Windows 10 Home,,CD/DVD burner,Intel Core i3-6100U 2.3GHz,,500,,12,0,,No,Yes,Intel HD Graphics 520,,,12,16.4,,802.11ac,,,,0,0
184,185,Lenovo,310-15ABR computer,laptop,https://www.consumerreports.org/products/laptop/lenovo-310-15abr-388644/specs,,31.0,D,,,,10.2,Yes,15.6,,No,Yes,,No,No,,1,No,Yes,,,1.1,1366 x 768,8,Yes,,,,,3.0,Windows 10 Home,,CD/DVD burner,AMD A12-9700P 2.5GHz,,1000,,12,0,,No,Yes,AMD Radeon R7 Graphics,,,12,14.9,,802.11ac,,,,0,0
185,186,Lenovo,510-22ISH computer,desktop-computer,https://www.consumerreports.org/products/desktop-computer/lenovo-ideacentre-700-22ish-f0bf-389572/specs,No,,,No,Yes,Yes,9.0,Yes,21.5,No,No,Yes,,,,Yes,1,,,Yes,Yes,16.7,1920 x 1080,8,Yes,No,,3.0,0.0,,Windows 10 Home,No,DVD burner,Pentium G4560T,Yes,1000,No,12,0,No,,No,Intel HD Graphics 610,0.0,Cortana,12,19.4,Yes,,No,No,No,0,0
186,187,Lenovo,510S-08ISH computer,desktop-computer,https://www.consumerreports.org/products/desktop-computer/lenovo-510s-08ish-388101/specs,No,,,No,,,13.3,Yes,,No,No,Yes,,,,Yes,1,,,Yes,Yes,11.8,,4,Yes,No,,4.0,0.0,,Windows 10 Home,No,DVD burner,Core i3-6100,Yes,1000,No,12,0,No,,Yes,Intel HD Graphics 530,0.0,Cortana,12,3.6,Yes,,No,No,No,0,0
187,188,Lenovo,520S-23IKU F0CU computer,desktop-computer,https://www.consumerreports.org/products/desktop-computer/lenovo-520s-23iku-f0cu-389573/specs,No,,,No,Yes,Yes,7.7,No,23.0,No,No,Yes,,,,No,1,,,Yes,No,15.5,1920 x 1080,8,No,No,,3.0,0.0,,Windows 10 Home,No,DVD burner,Core i7-7500U,No,1000,No,12,0,No,,No,Intel HD Graphics 620,0.0,Cortana,12,20.6,Yes,,Yes,Yes,No,0,0
188,189,Lenovo,"AIO 300 22"" F0BX00AHUS computer",desktop-computer,https://www.consumerreports.org/products/desktop-computer/lenovo-aio-300-22-386662/specs,No,,,No,Yes,Yes,7.9,Yes,21.5,No,No,Yes,,,,Yes,1,,,Yes,Yes,16.7,1920 x 1080,4,Yes,Yes,,3.0,0.0,,Windows 10 Home,No,DVD burner,Pentium 4405U,Yes,500,No,12,0,No,,No,Intel HD Graphics 510,0.0,No,12,20.6,Yes,,No,No,No,0,0
189,190,Lenovo,Erazer X315 computer,desktop-computer,https://www.consumerreports.org/products/desktop-computer/lenovo-erazer-x315-293258/specs,Yes,,,No,,,18.0,Yes,,Yes,Yes,Yes,,,,Yes,1,,,No,Yes,15.2,,12,Yes,Yes,,4.0,0.0,,Windows 8.1,Yes,DVD burner,A8-7600,Yes,1000,No,12,0,No,,Yes,AMD Radeon R9 255,2048.0,No,12,6.9,Yes,,No,No,No,0,0
190,191,Lenovo,Flex 3 11 computer,laptop,https://www.consumerreports.org/products/laptop/lenovo-flex-3-11-379139/specs,,30.0,None,,,,8.2,Yes,11.6,,No,Yes,,Lenovo VeriFace Pro,No,,1,Lenovo Motion Control,Yes,,,0.9,1366 x 768,4,Yes,,,,,3.0,Windows 8.1,,None,Intel Celeron N2940 1.83GHz,,500,,12,0,,Yes,No,Intel HD Graphics,,,12,11.8,,802.11ac,,,,1,0
191,192,Lenovo,Flex 3 80LY0008US computer,laptop,https://www.consumerreports.org/products/laptop/lenovo-flex-3-80ly0008us-385003/specs,,30.0,None,,,,8.2,Yes,11.6,,No,Yes,,No,No,,1,No,Yes,,,0.9,1366 x 768,4,Yes,,,,,3.0,Windows 10 Home,,None,Intel Celeron N3050 1.6GHz,,500,,12,0,,Yes,No,Intel HD Graphics,,,12,11.8,,802.11ac,,,,0,0
192,193,Lenovo,Flex 4 computer,laptop,https://www.consumerreports.org/products/laptop/lenovo-flex-4-386342/specs,,53.0,None,,,,9.3,Yes,14.0,,No,Yes,,No,No,,1,No,Yes,,,0.9,1920 x 1080,4,Yes,,,,,3.0,Windows 10 Home,,None,Intel Core i5-6200U 2.3GHz,,1000,,12,0,,Yes,No,Intel HD Graphics 520,,,12,13.3,,802.11ac,,,,0,0
193,194,Lenovo,Flex 5 15 computer,laptop,https://www.consumerreports.org/products/laptop/lenovo-flex-5-15-389338/specs,,53.0,None,,,,9.8,Yes,15.6,,No,Yes,,No,Yes,,0,No,Yes,,,0.9,1920 x 1080,16,Yes,,,,,3.0,Windows 10 Home,,None,Intel Core i7-7500U 2.7GHz,,512,,12,0,,Yes,No,Nvidia GeForce 940MX/Intel HD Graphics 620,2048.0,,12,14.4,,802.11ac,,,,0,1
194,195,Lenovo,G70-80Q5004QUS computer,laptop,https://www.consumerreports.org/products/laptop/lenovo-g70-80q5004qus-385669/specs,,42.0,D,,,,11.2,Yes,17.3,,No,Yes,,No,No,,1,No,Yes,,,1.3,1600 x 900,4,Yes,,,,,3.0,Windows 10 Home,,CD/DVD burner,AMD A8-6410 2GHz,,1000,,12,0,,No,No,AMD Radeon R5,,,12,16.4,,802.11n,,,,0,0
195,196,Lenovo,Ideacentre 610S computer,desktop-computer,https://www.consumerreports.org/products/desktop-computer/lenovo-ideacentre-610s-387424/specs,No,,,No,No,No,5.3,Yes,,No,No,Yes,,,,No,1,,,Yes,Yes,10.2,,8,Yes,No,,3.0,0.0,,Windows 10 Home,Yes,None,Core i5-6400T,Yes,1000,Yes,12,0,No,,No,Nvidia GeForce GTX 750Ti/Intel HD 530,2048.0,Cortana,12,5.5,Yes,,Yes,Yes,No,0,0
196,197,Lenovo,"Ideacentre AIO 300-20"" computer",desktop-computer,https://www.consumerreports.org/products/desktop-computer/lenovo-ideacentre-aio-300-20-386661/specs,No,,,No,Yes,Yes,7.8,Yes,20.0,No,No,Yes,,,,No,1,,,No,Yes,16.2,1600 x 900,4,Yes,No,,2.0,0.0,,Windows 10 Home,No,DVD burner,Pentium G4400T,Yes,500,No,12,0,No,,No,Intel HD Graphics 510,0.0,Cortana,12,19.4,Yes,,No,No,No,0,0
197,198,Lenovo,"Ideacentre AIO 300-23"" F0BY0041US computer",desktop-computer,https://www.consumerreports.org/products/desktop-computer/lenovo-ideacentre-aio-300-23-386659/specs,No,,,No,Yes,Yes,7.9,Yes,23.0,No,No,Yes,,,,Yes,1,,,Yes,Yes,17.4,1920 x 1080,8,Yes,Yes,,4.0,0.0,,Windows 10 Home,No,DVD burner,Core i3-6100U,Yes,1000,No,12,0,No,,No,Intel HD Graphics 520,0.0,No,12,22.1,Yes,,Yes,Yes,No,0,0
198,199,Lenovo,"Ideacentre AIO 700 24"" F0BE006SUS computer",desktop-computer,https://www.consumerreports.org/products/desktop-computer/lenovo-ideacenter-aio-700-24-386657/specs,No,,,No,Yes,Yes,8.2,Yes,23.8,No,No,Yes,,,,Yes,1,,,Yes,Yes,18.4,1920 x 1080,8,Yes,Yes,,4.0,2.0,,Windows 10 Home,No,DVD burner,Core i5-6400,Yes,1000,Yes,12,0,No,,No,Nvidia GeForce GTX 950A/Intel HD Graphics 530,2048.0,No,12,22.8,Yes,,Yes,Yes,No,0,0
199,200,Lenovo,Ideacentre AIO 700-27 F0BD002KUS computer,desktop-computer,https://www.consumerreports.org/products/desktop-computer/lenovo-ideacentre-aio-700-27-386660/specs,No,,,No,Yes,Yes,8.9,Yes,27.0,No,No,Yes,,,,Yes,1,,,Yes,Yes,16.6,3840 x 2160,8,Yes,Yes,,4.0,2.0,,Windows 10 Home,No,DVD burner,Core i5-6400,Yes,1000,Yes,12,0,No,,No,Nvidia GeForce GTX 950A/Intel HD Graphics 530,2048.0,No,12,25.7,Yes,,Yes,Yes,No,0,0
200,201,Lenovo,IdeaPad 110 computer,laptop,https://www.consumerreports.org/products/laptop/lenovo-ideapad-110-389339/specs,,32.0,D,,,,10.4,Yes,15.6,,No,Yes,,No,No,,0,No,Yes,,,1.1,1366 x 768,6,Yes,,,,,2.0,Windows 10 Home,,CD/DVD burner,Intel Pentium 4405U 2.1GHz,,1000,,12,0,,No,No,Intel HD Graphics 510,,,12,14.8,,802.11ac,,,,0,0
201,202,Lenovo,Ideapad 300S computer,laptop,https://www.consumerreports.org/products/laptop/lenovo-ideapad-300s-385670/specs,,45.0,None,,,,9.4,Yes,14.0,,No,Yes,,No,No,,1,No,Yes,,,0.9,1920 x 1080,8,Yes,,,,,3.0,Windows 10 Home,,None,Intel Core i5-6200U 2.3GHz,,500,,12,0,,Yes,No,Intel HD Graphics 520,,,12,13.4,,802.11ac,,,,0,0
202,203,Lenovo,Ideapad 500S computer,laptop,https://www.consumerreports.org/products/laptop/lenovo-ideapad-500s-385671/specs,,45.0,None,,,,9.4,Yes,14.0,,No,Yes,,No,No,,1,No,Yes,,,0.9,1920 x 1080,8,Yes,,,,,3.0,Windows 10 Home,,None,Intel Core i7-6500U 2.5GHz,,256,,12,0,,Yes,No,Nvidia GeForce 940M/Intel HD Graphics 520,2048.0,,12,13.4,,802.11ac,,,,0,0
203,204,Lenovo,Ideapad 510s computer,laptop,https://www.consumerreports.org/products/laptop/lenovo-ideapad-510s-386297/specs,,45.0,None,,,,9.2,Yes,14.0,,No,Yes,,No,No,,1,No,Yes,,,0.9,1920 x 1080,8,Yes,,,,,3.0,Windows 10 Home,,None,Intel Core i5-6200U 2.3GHz,,1000,,12,0,,Yes,No,AMD Radeon R7 M460/Intel HD Graphics 520,2048.0,,12,13.2,,802.11ac,,,,0,0
204,205,Lenovo,"Ideapad 700 15"" computer",laptop,https://www.consumerreports.org/products/laptop/lenovo-ideapad-700-15-385672/specs,,45.0,D,,,,10.4,Yes,15.6,,No,Yes,,No,No,,1,No,Yes,,,1.0,1920 x 1080,8,Yes,,,,,3.0,Windows 10 Home,,CD/DVD burner,Intel Core i5-6300HQ 2.3GHz,,500,,12,0,,No,No,Nvidia GeForce 950M/Intel HD Graphics 530,1024.0,,12,15.1,,802.11ac,,,,0,0
205,206,Lenovo,"Ideapad 700 17"" computer",laptop,https://www.consumerreports.org/products/laptop/lenovo-ideapad-700-17-385673/specs,,45.0,D,,,,11.2,Yes,17.3,,No,Yes,,No,No,,1,No,Yes,,,1.1,1920 x 1080,8,Yes,,,,,3.0,Windows 10 Home,,CD/DVD burner,Intel Core i7-6700HQ 2.6GHz,,256,,12,0,,No,No,Nvidia GeForce 940M/Intel HD Graphics 530,2048.0,,12,16.4,,802.11ac,,,,0,0
206,207,Lenovo,Ideapad Miix 310 computer,laptop,https://www.consumerreports.org/products/laptop/lenovo-ideapad-miix-310-387117/specs,,25.0,None,,,,7.2,Yes,10.1,,No,Yes,Silver,No,No,,0,No,Yes,,,0.8,1280 x 800,2,Yes,,,,,3.0,Windows 10 Home,,None,Intel Atom Z8350 1.44GHz,,64,,12,0,,No,No,Intel HD Graphics 400,,,12,10.1,,802.11n,,,,0,0
207,208,Lenovo,Ideapad Miix 700 computer,laptop,https://www.consumerreports.org/products/laptop/lenovo-ideapad-miix-700-385849/specs,,41.0,None,,,,8.4,Yes,12.0,,No,No,,No,No,,0,No,Yes,,,0.6,2160 x 1440,4,Yes,,,,,2.0,Windows 10 Home,,None,Intel Core m3-6Y30 0.9GHz,,64,,12,0,,No,No,Intel HD Graphics 515,,,12,11.5,,802.11ac,,,,0,0
208,209,Lenovo,Ideapad Y700 80NU000UUS computer,laptop,https://www.consumerreports.org/products/laptop/lenovo-ideapad-y700-80nu000sus-386451/specs,,45.0,None,,,,10.1,Yes,14.0,,No,No,,No,No,,1,No,Yes,,,1.1,1920 x 1080,8,Yes,,,,,3.0,Windows 10 Home,,None,Intel Core i7-6700HQ 2.6GHz,,628,,12,0,,No,No,AMD Radeon R9 M375/Intel HD Graphics 530,2048.0,,12,13.8,,802.11ac,,,,0,0
209,210,Lenovo,Ideapad Y700 80NW000PUS computer,laptop,https://www.consumerreports.org/products/laptop/lenovo-ideapad-y700-80nw000pus-386453/specs,,60.0,D,,,,10.8,Yes,15.6,,No,Yes,,No,No,,1,No,Yes,,,1.2,1920 x 1080,8,Yes,,,,,3.0,Windows 10 Home,,CD/DVD burner,Intel Core i7-6700HQ 2.6GHz,,1000,,12,0,,Yes,No,NVIDIA GeForce GTX 960M/Intel HD Graphics 530,4096.0,,12,15.2,,802.11ac,,,,0,0
210,211,Lenovo,Ideapad Y700 80Q0008WUS computer,laptop,https://www.consumerreports.org/products/laptop/lenovo-ideapad-y700-80q0008wus-386452/specs,,60.0,D,,,,11.9,Yes,17.3,,No,Yes,,No,No,,1,No,Yes,,,1.3,1920 x 1080,8,Yes,,,,,3.0,Windows 10 Home,,CD/DVD burner,Intel Core i7-6700HQ 2.6GHz,,256,,12,0,,No,No,Nvidia GeForce 960M/Intel HD Graphics 530,4096.0,,12,16.6,,802.11ac,,,,0,0
211,212,Lenovo,Ideapad Yoga 700 computer,laptop,https://www.consumerreports.org/products/laptop/lenovo-ideapad-yoga-700-385674/specs,,42.0,None,,,,7.8,Yes,11.6,,No,Yes,,No,No,,0,No,Yes,,,0.6,1920 x 1080,8,Yes,,,,,2.0,Windows 10 Home,,None,Intel Core m5-6Y54 1.1GHz,,256,,12,0,,No,No,Intel HD Graphics 515,,,12,11.4,,802.11ac,,,,0,0
212,213,Lenovo,N22 80SF0000US computer,chromebooks,https://www.consumerreports.org/products/chromebooks/lenovo-n22-80sf0000us-386441/specs,,,,,,Yes,8.3,,,,,Yes,Silver,,,,0,,Yes,,,0.9,1366 x 768,2,Yes,,Yes,,,2.0,Chrome OS 51.0.2704.79,,,Celeron N3050,,16,,12,0,,,,Intel HD Graphics,,,12,11.8,Yes,,,,,0,0
213,214,Lenovo,ThinkPad N22 computer,laptop,https://www.consumerreports.org/products/laptop/lenovo-thinkpad-n22-387458/specs,,45.0,None,,,,8.3,Yes,11.6,,No,Yes,,No,No,,0,No,Yes,,,0.9,1366 x 768,4,Yes,,,,,3.0,Windows 10 Home,,None,Intel Celeron N3050 1.6GHz,,32,,12,0,,No,No,Intel HD Graphics,,,12,11.8,,802.11ac,,,,0,0
214,215,Lenovo,ThinkPad X1 Carbon 4th Gen computer,laptop,https://www.consumerreports.org/products/laptop/lenovo-thinkpad-x1-carbon-4th-gen-386343/specs,,52.0,None,,,,9.0,Yes,14.0,,No,Yes,Gold,No,Yes,,1,No,Yes,,,0.7,1920 x 1080,8,Yes,,,,,3.0,Windows 10 Home,,None,Intel Core i5-6200U 2.3GHz,,128,,12,0,,Yes,No,Intel HD Graphics 520,,,12,13.1,,802.11ac,,,,0,1
215,216,Lenovo,ThinkPad X1 Tablet computer,laptop,https://www.consumerreports.org/products/laptop/lenovo-thinkpad-x1-tablet-386111/specs,,37.0,None,,,,8.5,Yes,12.0,,No,Yes,Gold,No,Yes,,0,No,No,,,0.5,2160 x 1440,4,Yes,,,,,1.0,Windows 10 Home,,None,Intel Core m3-6Y30 0.9GHz,,128,,12,0,,No,No,Intel HD Graphics 515,,,12,11.4,,802.11ac,,,,0,1
216,217,Lenovo,ThinkPad X1 Yoga computer,laptop,https://www.consumerreports.org/products/laptop/lenovo-thinkpad-x1-yoga-385732/specs,,52.0,None,,,,9.0,Yes,14.0,,No,Yes,Gold,No,Yes,,0,No,Yes,,,0.7,1920 x 1080,8,Yes,,,,,3.0,Windows 10 Pro,,None,Intel Core i7-6500U 2.5GHz,,256,,12,0,,Yes,No,Intel HD Graphics 520,,,12,13.1,,802.11ac,,,,0,1
217,218,Lenovo,ThinkPad X260 computer,laptop,https://www.consumerreports.org/products/laptop/lenovo-thinkpad-x260-386344/specs,,47.0,None,,,,8.2,Yes,12.5,,No,Yes,Gold,No,No,,1,No,Yes,,,0.9,1920 x 1080,8,Yes,,,,,3.0,Windows 10 Home,,None,Intel Core i5-6200U 2.3GHz,,192,,12,0,,Yes,No,Intel HD Graphics 520,,,12,12.0,,802.11ac,,,,0,0
218,219,Lenovo,Y700-15ACZ computer,laptop,https://www.consumerreports.org/products/laptop/lenovo-y700-15acz-386281/specs,,60.0,D,,,,10.9,Yes,15.6,,No,Yes,,No,No,,1,No,Yes,,,1.2,1920 x 1080,16,Yes,,,,,3.0,Windows 10 Home,,CD/DVD burner,AMD FX-8800P 2.1GHz,,1000,,12,0,,No,No,AMD Radeon R9 M385X/AMD Radeon R7,1024.0,,12,15.2,,802.11ac,,,,0,0
219,220,Lenovo,"Yoga 710 14"" computer",laptop,https://www.consumerreports.org/products/laptop/lenovo-yoga-710-14-386361/specs,,53.0,None,,,,8.8,Yes,14.0,,No,Yes,Gold,No,No,,0,No,Yes,,,0.8,1920 x 1080,8,Yes,,,,,2.0,Windows 10 Home,,None,Intel Core i5-6200U 2.3GHz,,256,,12,0,,Yes,No,Nvidia GeForce 940MX/Intel HD Graphics 520,2048.0,,12,12.7,,802.11ac,,,,0,0
220,221,Lenovo,"Yoga 710 15"" computer",laptop,https://www.consumerreports.org/products/laptop/lenovo-yoga-710-15-386362/specs,,53.0,None,,,,9.6,Yes,15.6,,No,Yes,Gold,No,No,,0,No,Yes,,,0.8,1920 x 1080,8,Yes,,,,,2.0,Windows 10 Home,,None,Intel Core i5-6200U 2.3GHz,,256,,12,0,,Yes,No,Intel HD Graphics 520,,,12,14.1,,802.11ac,,,,0,0
221,222,Lenovo,Yoga 710 80V4000GUS computer,laptop,https://www.consumerreports.org/products/laptop/lenovo-yoga-710-80v4000gus-387890/specs,,53.0,None,,,,8.8,Yes,14.0,,No,Yes,,No,No,,0,No,Yes,,,0.8,1920 x 1080,8,Yes,,,,,2.0,Windows 10 Home,,None,Intel Core i5-7200U 2.5GHz,,256,,12,0,,Yes,No,Intel HD Graphics 620,,,12,12.7,,802.11ac,,,,0,0
222,223,Lenovo,Yoga 710 80V6000PUS computer,laptop,https://www.consumerreports.org/products/laptop/lenovo-yoga-710-80v6000pus-387891/specs,,40.0,None,,,,7.7,Yes,11.6,,No,Yes,,No,No,,0,No,Yes,,,0.6,1920 x 1080,8,No,,,,,1.0,Windows 10 Home,,None,Intel Core i5-7Y54 1.2GHz,,128,,12,0,,Yes,No,Intel HD Graphics 615,,,12,11.1,,802.11ac,,,,0,0
223,224,Lenovo,Yoga 720-13IKB computer,laptop,https://www.consumerreports.org/products/laptop/lenovo-yoga-720-13ikb-389336/specs,,48.0,None,,,,8.4,No,13.3,,No,Yes,,No,Yes,,0,No,No,,,0.7,1920 x 1080,8,No,,,,,3.0,Windows 10 Home,,None,Intel Core i5-7200U 2.5GHz,,256,,12,1,,No,No,Intel HD Graphics 620,,,12,12.2,,802.11ac,,,,0,1
224,225,Lenovo,Yoga 720-15IKB computer,laptop,https://www.consumerreports.org/products/laptop/lenovo-yoga-720-15ikb-389337/specs,,72.0,None,,,,9.6,Yes,15.6,,No,Yes,,No,Yes,,0,No,Yes,,,0.9,1920 x 1080,8,No,,,,,3.0,Windows 10 Home,,None,Intel Core i7-7700HQ 2.8GHz,,256,,12,1,,No,No,Intel HD Graphics 630,,,12,14.3,,802.11ac,,,,0,1
225,226,Lenovo,Yoga 900S computer,laptop,https://www.consumerreports.org/products/laptop/lenovo-yoga-900s-386282/specs,,53.0,None,,,,8.4,No,12.5,,No,Yes,,No,No,,0,No,No,,,0.6,1920 x 1080,4,No,,,,,3.0,Windows 10 Home,,None,Intel Core m5-6Y54 1.1GHz,,128,,12,0,,No,No,Intel HD Graphics 515,,,12,12.0,,802.11ac,,,,0,0
226,227,Lenovo,Yoga 910 computer,laptop,https://www.consumerreports.org/products/laptop/lenovo-yoga-910-387892/specs,,78.0,None,,,,8.8,No,14.0,,No,Yes,,No,Yes,,0,No,No,,,0.6,1920 x 1080,8,No,,,,,3.0,Windows 10 Home,,None,Intel Core i7-6500U 2.7GHz,,256,,12,0,,Yes,No,Intel HD Graphics 620,,,12,12.7,,802.11ac,,,,0,1
227,228,Lenovo,Yoga Home 900 computer,desktop-computer,https://www.consumerreports.org/products/desktop-computer/lenovo-yoga-home-900-386658/specs,No,,,No,Yes,Yes,7.1,No,27.0,No,No,Yes,,,,No,0,,,Yes,No,15.1,1920 x 1080,8,No,No,,2.0,0.0,,Windows 10 Home,No,None,Core i5-5200U,No,256,No,12,0,No,,No,Nvidia GeForce 940A/Intel HD Graphics 5500,2048.0,Cortana,12,26.3,Yes,,Yes,Yes,No,0,0
228,229,Lenovo,Z70- 80FG00DCUS computer,laptop,https://www.consumerreports.org/products/laptop/lenovo-z70-80fg00dcus-385906/specs,,41.0,D,,,,11.1,Yes,17.3,,No,Yes,,No,No,,1,No,Yes,,,1.2,1920 x 1080,16,Yes,,,,,3.0,Windows 10 Home,,CD/DVD burner,Intel Core i7-5500U 2.4GHz,,1000,,12,0,,No,Yes,Nvidia GeForce 840M/Intel HD Graphics 5500,2048.0,,12,16.4,,802.11ac,,,,0,0
229,230,LG,Gram 13 - Touchscreen computer,laptop,https://www.consumerreports.org/products/laptop/lg-gram-13-touchscreen-388777/specs,,60.0,None,,,,8.3,Yes,13.3,,No,Yes,,No,Yes,,0,No,Yes,,,0.8,1920 x 1080,8,Yes,,,,,3.0,Windows 10 Home,,None,Intel Core i5-7200U 2.5GHz,,256,,12,0,,Yes,No,Intel HD Graphics 620,,,12,12.1,,802.11ac,,,,0,1
230,231,LG,gram 13Z950 computer,laptop,https://www.consumerreports.org/products/laptop/lg-gram-13z950-384803/specs,,35.0,None,,,,8.4,Yes,13.3,,No,Yes,,No,No,,0,No,Yes,,,0.6,1920 x 1080,8,Yes,,,,,3.0,Windows 10 Home,,None,Intel Core i5-5200U 2.2GHz,,128,,12,0,,Yes,No,Intel HD Graphics 5500,,,12,11.9,,802.11ac,,,,0,0
231,232,LG,Gram 14 - Touchscreen computer,laptop,https://www.consumerreports.org/products/laptop/lg-gram-14-touchscreen-388778/specs,,60.0,None,,,,8.3,Yes,14.0,,No,Yes,,No,No,,0,No,Yes,,,0.8,1920 x 1080,8,Yes,,,,,3.0,Windows 10 Home,,None,Intel Core i5-7200U 2.5GHz,,256,,12,0,,Yes,No,Intel HD Graphics 620,,,12,12.7,,802.11ac,,,,0,0
232,233,LG,gram 14Z950 computer,laptop,https://www.consumerreports.org/products/laptop/lg-gram-14z950-384804/specs,,35.0,None,,,,8.9,Yes,14.0,,No,Yes,,No,No,,0,No,Yes,,,0.8,1920 x 1080,8,Yes,,,,,3.0,Windows 10 Home,,None,Intel Core i5-5200U 2.2GHz,,128,,12,0,,Yes,No,Intel HD Graphics 5500,,,12,12.7,,802.11ac,,,,0,0
233,234,LG,Gram 15 - Touchscreen computer,laptop,https://www.consumerreports.org/products/laptop/lg-gram-15-touchscreen-388773/specs,,54.0,None,,,,8.9,Yes,15.6,,No,Yes,,No,No,,0,No,Yes,,,0.8,1920 x 1080,8,Yes,,,,,4.0,Windows 10 Home,,None,Intel Core i5-6200U 2.3GHz,,256,,12,0,,Yes,No,Intel HD Graphics 520,,,12,14.1,,802.11ac,,,,0,0
234,235,LG,gram 15Z960 computer,laptop,https://www.consumerreports.org/products/laptop/lg-gram-15z-960-386112/specs,,35.0,None,,,,8.9,Yes,15.6,,No,Yes,,No,No,,0,No,Yes,,,0.7,1920 x 1080,8,Yes,,,,,4.0,Windows 10 Home,,None,Intel Core i5-6200U 2.3GHz,,256,,12,0,,Yes,No,Intel HD Graphics 520,,,12,14.1,,802.11ac,,,,0,0
235,236,Microsoft,Surface 3 computer,laptop,https://www.consumerreports.org/products/laptop/microsoft-surface-3-384272/specs,,55.0,None,,,,7.6,Yes,10.8,,No,No,,No,No,,0,No,No,,,0.6,1920 x 1280,2,Yes,,,,,1.0,Windows 8.1,,None,Intel Atom x7-Z8700 1.6GHz,,64,,12,0,,No,No,Intel HD Graphics,,,12,10.6,,802.11ac,,,,0,0
236,237,Microsoft,Surface Book (512GB) computer,laptop,https://www.consumerreports.org/products/laptop/microsoft-surface-book-512gb-388051/specs,,79.0,None,,,,9.2,Yes,13.5,,No,Yes,Silver,Windows Hello,No,,0,No,Yes,,,0.9,3000 x 2000,16,Yes,,,,,2.0,Windows 10 Pro,,None,Intel Core I7-6600U 2.6GHz,,512,,12,0,,No,No,Nvidia GeForce 965M/Intel HD Graphics 520,2048.0,,12,12.3,,802.11ac,,,,1,0
237,238,Microsoft,Surface Book computer,laptop,https://www.consumerreports.org/products/laptop/microsoft-surface-book-384901/specs,,69.0,None,,,,9.1,Yes,13.5,,No,No,,No,No,,0,No,No,,,0.9,3000 x 2000,8,Yes,,,,,2.0,Windows 10 Home,,None,Intel Core i5-6300U 2.4GHz,,128,,12,0,,No,No,Intel HD Graphics 520,,,12,12.8,,802.11ac,,,,0,0
238,239,Microsoft,"Surface Laptop (Core i5, 128GB) computer",laptop,https://www.consumerreports.org/products/laptop/microsoft-surface-389343/specs,,45.0,None,,,,8.8,Yes,13.5,,No,Yes,Silver,Windows Hello,No,,0,No,No,,,0.6,2256 x 1504,4,No,,,,,1.0,Windows 10 Pro,,None,Intel Core i5-7200U 2.5GHz,,128,,12,0,,No,No,Intel HD Graphics 620,,,12,12.1,,802.11ac,,,,1,0
239,240,Microsoft,"Surface Laptop (Core i5, 256GB) computer",laptop,https://www.consumerreports.org/products/laptop/microsoft-surface-laptop-core-i5-256gb-392723/specs,,45.0,None,,,,8.8,Yes,13.5,,No,Yes,Silver,Windows Hello,No,,0,No,No,,,0.6,2256 x 1504,8,No,,,,,1.0,Windows 10 Pro,,None,Intel Core i5-7200U 2.5GHz,,256,,12,0,,No,No,Intel HD Graphics 620,,,12,12.1,,802.11ac,,,,1,0
240,241,Microsoft,Surface Pro 3 computer,laptop,https://www.consumerreports.org/products/laptop/microsoft-surface-pro-3-272591/specs,,42.0,None,,,,8.2,Yes,12.0,,No,No,,No,No,,0,No,No,,,0.6,2160 x 1440,4,No,,,,,1.0,Windows 8.1 Pro,,None,Intel Core i5-4300U 1.9GHz,,128,,12,0,,No,No,Intel HD Graphics 4400,,,12,11.6,,802.11ac,,,,0,0
241,242,Microsoft,Surface Pro 4 computer,laptop,https://www.consumerreports.org/products/laptop/microsoft-surface-pro-4-384902/specs,,38.0,None,,,,8.2,Yes,12.3,,No,No,,No,No,,0,No,No,,,0.6,2736 x 1824,4,Yes,,,,,1.0,Windows 10 Pro,,None,Intel Core m3-6Y30 0.9GHz,,128,,12,0,,No,No,Intel HD Graphics 515,,,12,11.6,,802.11ac,,,,0,0
242,243,Microsoft,Surface Studio computer,desktop-computer,https://www.consumerreports.org/products/desktop-computer/microsoft-surface-studio-388050/specs,No,,,No,Yes,Yes,8.7,Yes,28.0,Yes,No,Yes,,,,No,1,,,No,No,21.0,4500 x 3000,8,Yes,No,,4.0,0.0,,Windows 10 Pro,No,None,Core i5-6440HQ,Yes,1000,Yes,12,0,No,,No,Nvidia GeForce GTX 965M,2048.0,Cortana,12,25.1,Yes,,Yes,Yes,No,0,0
243,244,Samsung,All-In-One DP710A4M-L01US computer,desktop-computer,https://www.consumerreports.org/products/desktop-computer/samsung-all-in-one-dp710a4m-l01us-389570/specs,No,,,No,Yes,Yes,6.3,Yes,24.0,No,No,Yes,,,,No,1,,,Yes,Yes,16.4,1920 x 1080,12,Yes,No,,2.0,0.0,,Windows 10 Home,No,None,Core i5-7400T,Yes,1000,No,12,0,No,,No,Intel HD Graphics 630,0.0,Cortana,12,21.8,Yes,,Yes,Yes,No,0,0
244,245,Samsung,ATIV Book 9 NP930X2K-K02US computer,laptop,https://www.consumerreports.org/products/laptop/samsung-ativ-book-9-np930x2k-k02us-371599/specs,,36.0,None,,,,8.4,Yes,12.2,,No,Yes,Silver,No,No,,0,No,Yes,,,0.6,2560 x 1600,4,Yes,,,,,2.0,Windows 8.1,,None,Intel Core M-5Y31 0.9GHz,,128,,12,0,,Yes,No,Intel HD Graphics 5300,,,12,11.2,,802.11ac,,,,0,0
245,246,Samsung,ATIV Book 9 Plus NP940X3K-K03US computer,laptop,https://www.consumerreports.org/products/laptop/samsung-ativ-book-9-plus-np940x3k-k03us-371600/specs,,55.0,None,,,,8.8,Yes,13.3,,No,Yes,,No,No,,1,No,Yes,,,0.7,3200 x 1800,4,Yes,,,,,2.0,Windows 8.1,,None,Intel Core i5-5200U 2.2GHz,,128,,12,0,,Yes,No,Intel HD Graphics 5500,,,12,12.6,,802.11ac,,,,0,0
246,247,Samsung,Chromebook 3 computer,chromebooks,https://www.consumerreports.org/products/chromebooks/samsung-chromebook-3-389575/specs,,,,,,Yes,8.1,,,,,Yes,Silver,,,,0,,Yes,,,0.8,1366 x 768,4,Yes,,Yes,,,2.0,Chrome OS 58.0.3029.140,,,Celeron N3060,,32,,12,0,,,,Intel HD Graphics 400,,,12,11.4,Yes,,,,,0,0
247,248,Samsung,Chromebook 3 XE500C computer,chromebooks,https://www.consumerreports.org/products/chromebooks/samsung-chromebook-3-xe500c-386118/specs,,,,,,Yes,8.0,,,,,Yes,Silver,,,,0,,Yes,,,0.8,1366 x 768,2,Yes,,Yes,,,2.0,Chrome OS 49.0.2623.112,,,Celeron N3050,,16,,12,0,,,,Intel HD Graphics,,,12,11.4,Yes,,,,,0,0
248,249,Samsung,Chromebook Plus computer,chromebooks,https://www.consumerreports.org/products/chromebooks/samsung-chromebook-plus-388636/specs,,,,,,Yes,8.7,,,,,Yes,Silver,,,,0,,No,,,0.6,2400 x 1600,4,Yes,,Yes,,,2.0,Chrome OS 56.0.2924.110,,,Cortex A72,,32,,12,0,,,,ARM Mali T860,,,12,11.0,Yes,,,,,0,0
249,250,Samsung,Galaxy TabPro S computer,laptop,https://www.consumerreports.org/products/laptop/samsung-galaxy-tabpro-s-385907/specs,,40.0,None,,,,7.9,No,12.0,,No,Yes,,No,No,,0,No,No,,,0.5,2160 x 1440,4,No,,,,,1.0,Windows 10 Home,,None,Intel Core m3-6Y30 0.9GHz,,128,,12,0,,No,No,Intel HD Graphics 515,,,12,11.4,,802.11ac,,,,0,0
250,251,Samsung,Notebook 5 computer,laptop,https://www.consumerreports.org/products/laptop/samsung-notebook-5-388770/specs,,43.0,None,,,,10.1,Yes,15.6,,No,Yes,,No,No,,0,No,Yes,,,1.1,1366 x 768,8,No,,,,,3.0,Windows 10 Home,,None,Intel Core i5-7200U 2.5GHz,,1000,,12,0,,No,No,NVIDIA GeForce 920MX/Intel HD Graphics 620,2048.0,,12,14.9,,802.11ac,,,,0,0
251,252,Samsung,Notebook 7 740U3L computer,laptop,https://www.consumerreports.org/products/laptop/samsung-notebook-7-740u3l-387109/specs,,45.0,None,,,,8.9,Yes,13.3,,No,Yes,,No,No,,0,No,Yes,,,0.9,1920 x 1080,8,Yes,,,,,4.0,Windows 10 Home,,None,Intel Core i5-6200U 2.3GHz,,1000,,12,0,,No,No,Intel HD Graphics 520,,,12,12.7,,802.11ac,,,,0,0
252,253,Samsung,Notebook 7 740U5LE computer,laptop,https://www.consumerreports.org/products/laptop/samsung-notebook-7-740u5le-387110/specs,,45.0,None,,,,10.1,Yes,15.6,,No,Yes,,No,No,,1,No,Yes,,,0.9,1920 x 1080,12,Yes,,,,,4.0,Windows 10 Home,,None,Intel Core i7-6500U 2.5GHz,,1000,,12,0,,No,No,Nvidia GeForce 940MX/Intel HD Graphics 520,2048.0,,12,14.8,,802.11ac,,,,0,0
253,254,Samsung,Notebook 7 Spin 13 computer,laptop,https://www.consumerreports.org/products/laptop/samsung-notebook-7-spin-13-388953/specs,,45.0,None,,,,8.9,Yes,13.3,,No,Yes,,No,No,,0,No,Yes,,,0.9,1920 x 1080,12,Yes,,,,,4.0,Windows 10 Home,,None,Intel Core i5-7200U 2.5GHz,,1000,,12,0,,Yes,No,Intel HD Graphics 620,,,12,12.7,,802.11ac,,,,0,0
254,255,Samsung,Notebook 7 Spin 15 computer,laptop,https://www.consumerreports.org/products/laptop/samsung-notebook-7-spin-15-388954/specs,,45.0,None,,,,10.1,Yes,15.6,,No,Yes,,No,No,,0,No,Yes,,,0.9,1920 x 1080,12,Yes,,,,,4.0,Windows 10 Home,,None,Intel Core i5-7500U 2.7GHz,,1000,,12,0,,Yes,No,NVIDIA GeForce 940MX/Intel HD Graphics 620,2048.0,,12,14.7,,802.11ac,,,,0,0
255,256,Samsung,Notebook 9 computer,laptop,https://www.consumerreports.org/products/laptop/samsung-notebook-9-388637/specs,,67.0,None,,,,9.1,Yes,15.0,,No,Yes,,No,Yes,,0,No,Yes,,,0.8,1920 x 1080,16,Yes,,,,,4.0,Windows 10 Home,,None,Intel Core i7-7500U 2.7GHz,,256,,12,1,,No,No,Nvidia GeForce 940MX/Intel HD Graphics 620,2048.0,,12,13.7,,802.11ac,,,,0,1
256,257,Samsung,Notebook 9 NP900X3L-K06US computer,laptop,https://www.consumerreports.org/products/laptop/samsung-notebook-9-np900x3l-k06us-385908/specs,,30.0,None,,,,8.6,Yes,13.3,,No,Yes,Silver,No,No,,1,No,Yes,,,0.6,1920 x 1080,8,Yes,,,,,2.0,Windows 10 Home,,None,Intel Core i5-6200U 2.3GHz,,256,,12,0,,Yes,Yes,Intel HD Graphics 520,,,12,12.4,,802.11ac,,,,0,0
257,258,Samsung,Notebook 9 NP900X5L-K02US computer,laptop,https://www.consumerreports.org/products/laptop/samsung-notebook-9-np900x5l-k02us-385909/specs,,39.0,None,,,,9.3,Yes,15.0,,No,Yes,Silver,No,No,,1,No,Yes,,,0.6,1920 x 1080,8,Yes,,,,,3.0,Windows 10 Home,,None,Intel Core i7-6500U 2.5GHz,,256,,12,0,,Yes,No,Intel HD Graphics 520,,,12,13.6,,802.11ac,,,,0,0
258,259,Samsung,Notebook 9 pro NP940Z5L-X01US computer,laptop,https://www.consumerreports.org/products/laptop/samsung-notebook-9-pro-np940z5l-x01us-385107/specs,,57.0,None,,,,9.8,Yes,15.6,,No,Yes,,No,No,,0,No,Yes,,,0.9,3840 x 2160,8,Yes,,,,,4.0,Windows 10 Home,,None,Intel Core i7-6700HQ 2.6GHz,,256,,12,0,,Yes,No,Nvidia GeForce GTX 950M/Intel HD Graphics 530,2048.0,,12,14.7,,802.11ac,,,,0,0
259,260,Samsung,Notebook 9 spin NP940X3L-K01US computer,laptop,https://www.consumerreports.org/products/laptop/samsung-notebook-9-spin-np940x3l-k01us-385106/specs,,39.0,None,,,,8.7,Yes,13.3,,No,Yes,,No,No,,0,No,Yes,,,0.7,3200 x 1800,8,Yes,,,,,3.0,Windows 10 Home,,None,Intel Core i7-6500U 2.5GHz,,256,,12,0,,Yes,No,Intel HD Graphics 520,,,12,12.4,,802.11ac,,,,0,0
260,261,Toshiba,Chromebook 2 CB35-C3350 computer,chromebooks,https://www.consumerreports.org/products/chromebooks/toshiba-chromebook-2-cb35-c3350-384987/specs,,,,,,Yes,8.4,,,,,Yes,Gold,,,,0,,Yes,,,0.8,1920 x 1080,4,Yes,,Yes,,,2.0,Chrome OS 46.0.2490.82,,,Core i3-5015U,,16,,12,0,,,,Intel HD Graphics 5500,,,12,12.6,Yes,,,,,0,0
261,262,Toshiba,dynaPad WT12PE-A64 computer,laptop,https://www.consumerreports.org/products/laptop/toshiba-dynapad-wt12pe-a64-385691/specs,,25.0,None,,,,8.0,Yes,12.0,,No,Yes,Silver,No,No,,0,No,Yes,,,0.7,1920 x 1080,4,Yes,,,,,2.0,Windows 10 Home,,None,Intel Atom x5-Z8300 1.44GHz,,64,,12,0,,No,No,Intel HD Graphics,,,12,11.8,,802.11ac,,,,0,0
262,263,Toshiba,Satellite Click10 LX0WC64 computer,laptop,https://www.consumerreports.org/products/laptop/toshiba-satellite-click10-lx0w-c64-384805/specs,,23.0,None,,,,7.3,Yes,10.2,,No,Yes,Gold,No,No,,0,No,Yes,,,0.9,1920 x 1200,2,Yes,,,,,3.0,Windows 10 Home,,None,Intel Atom x5-Z8300 1.44GHz,,64,,12,0,,No,No,Intel HD Graphics,,,12,10.2,,802.11n Dual-band,,,,0,0
263,264,Toshiba,Satellite Radius P25W-C2300-4K computer,laptop,https://www.consumerreports.org/products/laptop/toshiba-satellite-radius-p25w-c2300-4k-385005/specs,,41.0,None,,,,8.2,Yes,12.5,,No,Yes,,No,No,,0,No,Yes,,,0.7,3840 x 2160,8,Yes,,,,,3.0,Windows 10 Home,,None,Intel Core i7-6500U 2.5GHz,,256,,12,0,,Yes,No,Intel HD Graphics 520,,,12,11.8,,802.11ac,,,,0,0
264,265,Vaio,S computer,laptop,https://www.consumerreports.org/products/laptop/vaio-s-386113/specs,,33.0,None,,,,8.6,Yes,13.3,,No,Yes,,No,No,,1,No,Yes,,,0.8,1920 x 1080,8,Yes,,,,,3.0,Windows 10 Pro,,None,Intel Core i5-6200U 2.3GHz,,128,,12,0,,Yes,Yes,Intel HD Graphics 520,,,12,12.6,,802.11ac,,,,0,0
265,266,Vaio,Z Canvas computer,laptop,https://www.consumerreports.org/products/laptop/vaio-z-canvas-385680/specs,,66.0,None,,,,8.4,Yes,12.3,,No,Yes,,No,No,,1,No,Yes,,,0.8,2560 x 1704,16,Yes,,,,,2.0,Windows 10 Pro,,None,Intel Core i7-4770HQ 2.2GHz,,512,,12,0,,Yes,No,Intel Iris Pro Graphics 5200,,,12,11.9,,802.11ac,,,,0,0
266,267,Vaio,Z computer,laptop,https://www.consumerreports.org/products/laptop/vaio-z-386114/specs,,58.0,None,,,,8.5,Yes,13.3,,No,Yes,,No,No,,0,No,Yes,,,0.7,1920 x 1080,8,Yes,,,,,2.0,Windows 10 Home,,None,Intel Core i5-6267U 2.9GHz,,256,,12,0,,Yes,Yes,Intel Iris Graphics 550,,,12,12.8,,802.11ac,,,,0,0
267,268,Vaio,Z Flip computer,laptop,https://www.consumerreports.org/products/laptop/vaio-flip-z-385731/specs,,58.0,None,,,,8.6,Yes,13.3,,No,Yes,,No,No,,0,No,Yes,,,0.7,2560 x 1440,8,Yes,,,,,2.0,Windows 10 Home,,None,Intel Core i5-6267U 2.9GHz,,256,,12,0,,Yes,Yes,Intel Iris Graphics 550,,,12,12.8,,802.11ac,,,,0,0
