,index,brand,model,prod_class,prod_short_descr,has_reviews,url,reported_exceptions
0,0,Acer,Acer Aspire E5-574-53QS computer,laptop,"A 15.6-inch laptop tested with Windows 10 Home, an Intel Core i5-6200U 2.3GHz processor, 4GB of memory, Intel HD Graphics 520 graphics, and a 1TB hard drive.",False,http://www.consumerreports.org/products/laptop/acer-aspire-e5-574-53qs-385910/user-reviews#user-reviews,
1,1,Acer,Acer Aspire ES1-571-P1MG computer,laptop,"A 15.6-inch laptop tested with Windows 10 Home, an Intel Pentium 3556U 1.7GHz processor, 4GB of memory, Intel HD Graphics graphics, and a 500GB hard drive.",False,http://www.consumerreports.org/products/laptop/acer-aspire-es1-571-p1mg-386346/user-reviews#user-reviews,
2,2,Acer,Acer Aspire R5-571T-57Z0 computer,laptop,"A 15.6-inch convertible laptop tested with Windows 10 Home, an Intel Core i7-7200U 2.5GHz processor, 8GB of memory, Intel HD Graphics 620 graphics, a touchscreen, and a 1TB hard drive.",False,http://www.consumerreports.org/products/laptop/acer-aspire-r5-571t-57z0-388093/user-reviews#user-reviews,
3,3,Acer,Acer Aspire R7-372T-54TM computer,laptop,"A 13.3-inch convertible laptop tested with Windows 10 Home, an Intel Core i5-6200U 2.3GHz processor, 8GB of memory, Intel HD Graphics 520 graphics, a touchscreen, and a 256GB solid state drive.",False,http://www.consumerreports.org/products/laptop/acer-aspire-r7-372t-54tm-387107/user-reviews#user-reviews,
4,4,Acer,Acer Spin 5 SP513-51-55ZR computer,laptop,"A 13.3-inch convertible laptop tested with Windows 10 Home, an Intel Core i5-6200U 2.3GHz processor, 8GB of memory, Intel HD Graphics 520 graphics, a touchscreen, and a 256GB solid state drive.",False,http://www.consumerreports.org/products/laptop/acer-spin-5-sp513-51-55zr-388098/user-reviews#user-reviews,
5,5,Acer,Acer Swift 3 SF314-51-52W2 computer,laptop,"A 14-inch laptop tested with Windows 10 Home, an Intel Core i5-6200U 2.3GHz processor, 8GB of memory, Intel HD Graphics 520 graphics, and a 256GB solid state drive.",False,http://www.consumerreports.org/products/laptop/acer-swift-3-sf314-51-52w2-387923/user-reviews#user-reviews,
6,6,Apple,Apple MacBook Pro 15-inch with Touch Bar MPTU2LL/A computer,laptop,"A 15.4-inch laptop tested with macOS Sierra 10.12, an Intel Core i7 2.8GHz processor, 16GB of memory, AMD Radeon Pro 555/Intel HD Graphics 630 graphics, and a 256GB solid state drive.",False,http://www.consumerreports.org/products/laptop/apple-macbook-pro-15-inch-touch-bar-392574/user-reviews#user-reviews,
7,7,Asus,Asus EeeBook E402MA-EH computer,laptop,"A 14-inch laptop tested with Windows 10 Home, an Intel Celeron N2840 2.16GHz processor, 2GB of memory, Intel HD Graphics graphics, and a 32GB solid state drive.",False,http://www.consumerreports.org/products/laptop/asus-eeebook-e402ma-eh-386280/user-reviews#user-reviews,
8,8,Asus,Asus Q304UA-BBI5T10 computer,laptop,"A 13.3-inch convertible laptop tested with Windows 10 Home, an Intel Core i5-6200U 2.3GHz processor, 6GB of memory, Intel HD Graphics 520 graphics, a touchscreen, and a 1TB hard drive.",False,http://www.consumerreports.org/products/laptop/asus-q304ua-bbi5t10-386676/user-reviews#user-reviews,writeRvwMsg Step: : <class 'selenium.common.exceptions.NoSuchElementException'>/n
9,9,Asus,Asus T300CHI-RHM5T06 computer,laptop,"A 12.5-inch detachable laptop tested with Windows 10 Home, an Intel Core M-5Y10c 0.8GHz processor, 4GB of memory, Intel HD Graphics 5300 graphics, a touchscreen, and a 128GB solid state drive.",False,http://www.consumerreports.org/products/laptop/asus-t300chi-rhm5t06-385010/user-reviews#user-reviews,
10,10,Asus,Asus Transformer Book T100CHI-C1 computer,laptop,"A 10.1-inch detachable laptop tested with Windows 8.1 with Bing, an Intel Atom Z3775 1.46GHz processor, 2GB of memory, Intel HD Graphics graphics, a touchscreen, and a 64GB solid state drive.",False,http://www.consumerreports.org/products/laptop/asus-transformer-book-t100chi-c1-379138/user-reviews#user-reviews,
11,11,Asus,Asus VivoBook E403SA-US21 computer,laptop,"A 14-inch laptop tested with Windows 10 Home, an Intel Pentium N3700 1.6GHz processor, 4GB of memory, Intel HD Graphics graphics, and a 128GB solid state drive.",False,http://www.consumerreports.org/products/laptop/asus-vivobook-e403sa-us21-386117/user-reviews#user-reviews,
12,12,Asus,Asus X555YA-DB84Q computer,laptop,"A 15.6-inch laptop tested with Windows 10 Home, an AMD A8-7410 2.2GHz processor, 8GB of memory, AMD Radeon R5 Graphics graphics, and a 1TB hard drive.",False,http://www.consumerreports.org/products/laptop/asus-x555ya-db84q-387687/user-reviews#user-reviews,
13,13,Dell,Dell Inspiron I3452-600BLK computer,laptop,"A 14-inch laptop tested with Windows 10 Home, an Intel Celeron N3050 1.6GHz processor, 2GB of memory, Intel HD Graphics graphics, and a 32GB solid state drive.",False,http://www.consumerreports.org/products/laptop/dell-inspiron-i3452-600blk-384994/user-reviews#user-reviews,
14,14,Dell,Dell Inspiron i5568-5240 computer,laptop,"A 15.6-inch convertible laptop tested with Windows 10 Home, an Intel Core i7-6500U 2.5GHz processor, 8GB of memory, Intel HD Graphics 520 graphics, a touchscreen, and a 1TB hard drive.",False,http://www.consumerreports.org/products/laptop/dell-inspiron-i5568-5240-387264/user-reviews#user-reviews,
15,15,HP,HP ENVY x360 15t Touch 7th Gen computer,laptop,"A 15.6-inch convertible laptop tested with Windows 10 Home, an Intel Core i5-7200U 2.5GHz processor, 8GB of memory, Intel HD Graphics 620 graphics, a touchscreen, and a 1TB hard drive.",False,http://www.consumerreports.org/products/laptop/hp-envy-x360-15t-touch-7th-gen-387889/user-reviews#user-reviews,
16,16,HP,HP Laptop 17.3 computer,laptop,"A 17.3-inch laptop tested with Windows 10 Home, an Intel Core i5-6200U 2.3GHz processor, 4GB of memory, Intel HD Graphics 520 graphics, a touchscreen, and a 1TB hard drive.",False,http://www.consumerreports.org/products/laptop/hp-laptop-17-3-386464/user-reviews#user-reviews,
17,17,HP,HP Pavilion x2 12b010nr computer,laptop,"A 12-inch detachable laptop tested with Windows 10 Home, an Intel Atom x5-Z8500 1.44GHz processor, 2GB of memory, Intel HD Graphics graphics, a touchscreen, and a 64GB solid state drive.",False,http://www.consumerreports.org/products/laptop/hp-pavilion-x2-12b010nr-385667/user-reviews#user-reviews,
18,18,Huawei,Huawei Matebook computer,laptop,"A 12-inch detachable laptop tested with Windows 10 Home, an Intel Core m3-6Y30 0.9GHz processor, 4GB of memory, Intel HD Graphics 515 graphics, a touchscreen, and a 128GB solid state drive.",False,http://www.consumerreports.org/products/laptop/huawei-matebook-387684/user-reviews#user-reviews,
19,19,Lenovo,Lenovo 110-15IBR 80T7000HUS computer,laptop,"A 15.6-inch laptop tested with Windows 10 Home, an Intel Celeron N3060 1.6GHz processor, 4GB of memory, Intel HD Graphics 400 graphics, and a 500GB hard drive.",False,http://www.consumerreports.org/products/laptop/lenovo-110-15ibr-386678/user-reviews#user-reviews,
20,20,Lenovo,Lenovo 300-17ISK 80QH008MUS computer,laptop,"A 17.3-inch laptop tested with Windows 10 Home, an Intel Core i3-6100U 2.3GHz processor, 4GB of memory, Intel HD Graphics 520 graphics, and a 500GB hard drive.",False,http://www.consumerreports.org/products/laptop/lenovo-300-17isk-386677/user-reviews#user-reviews,
21,21,Lenovo,Lenovo Flex 3 80LY0008US computer,laptop,"An 11.6-inch convertible laptop tested with Windows 10 Home, an Intel Celeron N3050 1.6GHz processor, 4GB of memory, Intel HD Graphics graphics, a touchscreen, and a 500GB hard drive.",False,http://www.consumerreports.org/products/laptop/lenovo-flex-3-80ly0008us-385003/user-reviews#user-reviews,
22,22,Lenovo,Lenovo Ideapad 300S computer,laptop,"A 14-inch laptop tested with Windows 10 Home, an Intel Core i5-6200U 2.3GHz processor, 8GB of memory, Intel HD Graphics 520 graphics, and a 500GB hard drive.",False,http://www.consumerreports.org/products/laptop/lenovo-ideapad-300s-385670/user-reviews#user-reviews,
23,23,Lenovo,Lenovo Ideapad Miix 310 computer,laptop,"A 10.1-inch detachable laptop tested with Windows 10 Home, an Intel Atom Z8350 1.44GHz processor, 2GB of memory, Intel HD Graphics 400 graphics, a touchscreen, and a 64GB solid state drive.",False,http://www.consumerreports.org/products/laptop/lenovo-ideapad-miix-310-387117/user-reviews#user-reviews,
24,24,Lenovo,Lenovo Ideapad Y700 80NU000UUS computer,laptop,"A 14-inch laptop tested with Windows 10 Home, an Intel Core i7-6700HQ 2.6GHz processor, 8GB of memory, AMD Radeon R9 M375/Intel HD Graphics 530 graphics, and a 500GB hard drive and 128GB solid state drive.",False,http://www.consumerreports.org/products/laptop/lenovo-ideapad-y700-80nu000sus-386451/user-reviews#user-reviews,
25,25,Lenovo,Lenovo Ideapad Y700 80NW000PUS computer,laptop,"A 15.6-inch laptop tested with Windows 10 Home, an Intel Core i7-6700HQ 2.6GHz processor, 8GB of memory, NVIDIA GeForce GTX 960M/Intel HD Graphics 530 graphics, a touchscreen, and a 1TB hard drive.",False,http://www.consumerreports.org/products/laptop/lenovo-ideapad-y700-80nw000pus-386453/user-reviews#user-reviews,
26,26,Lenovo,Lenovo Ideapad Y700 80Q0008WUS computer,laptop,"A 17.3-inch laptop tested with Windows 10 Home, an Intel Core i7-6700HQ 2.6GHz processor, 8GB of memory, Nvidia GeForce 960M/Intel HD Graphics 530 graphics, and a 256GB solid state drive.",False,http://www.consumerreports.org/products/laptop/lenovo-ideapad-y700-80q0008wus-386452/user-reviews#user-reviews,
27,27,Lenovo,Lenovo ThinkPad N22 computer,laptop,"An 11.6-inch laptop tested with Windows 10 Home, an Intel Celeron N3050 1.6GHz processor, 4GB of memory, Intel HD Graphics graphics, and a 32GB solid state drive.",False,http://www.consumerreports.org/products/laptop/lenovo-thinkpad-n22-387458/user-reviews#user-reviews,
28,28,Lenovo,Lenovo ThinkPad X1 Carbon 4th Gen computer,laptop,"A 14-inch laptop tested with Windows 10 Home, an Intel Core i5-6200U 2.3GHz processor, 8GB of memory, Intel HD Graphics 520 graphics, and a 128GB solid state drive.",False,http://www.consumerreports.org/products/laptop/lenovo-thinkpad-x1-carbon-4th-gen-386343/user-reviews#user-reviews,
29,29,LG,LG gram 14Z950 computer,laptop,"A 14-inch laptop tested with Windows 10 Home, an Intel Core i5-5200U 2.2GHz processor, 8GB of memory, Intel HD Graphics 5500 graphics, and a 128GB solid state drive.",False,http://www.consumerreports.org/products/laptop/lg-gram-14z950-384804/user-reviews#user-reviews,
30,30,LG,LG gram 15Z960 computer,laptop,"A 15.6-inch laptop tested with Windows 10 Home, an Intel Core i5-6200U 2.3GHz processor, 8GB of memory, Intel HD Graphics 520 graphics, and a 256GB solid state drive.",False,http://www.consumerreports.org/products/laptop/lg-gram-15z-960-386112/user-reviews#user-reviews,
31,31,Samsung,Samsung ATIV Book 9 NP930X2K-K02US computer,laptop,"A 12.2-inch laptop tested with Windows 8.1, an Intel Core M-5Y31 0.9GHz processor, 4GB of memory, Intel HD Graphics 5300 graphics, and a 128GB solid state drive.",False,http://www.consumerreports.org/products/laptop/samsung-ativ-book-9-np930x2k-k02us-371599/user-reviews#user-reviews,
32,32,Samsung,Samsung Notebook 7 740U5LE computer,laptop,"A 15.6-inch convertible laptop tested with Windows 10 Home, an Intel Core i7-6500U 2.5GHz processor, 12GB of memory, Nvidia GeForce 940MX/Intel HD Graphics 520 graphics, a touchscreen, and a 1TB hard drive.",False,http://www.consumerreports.org/products/laptop/samsung-notebook-7-740u5le-387110/user-reviews#user-reviews,
33,33,Samsung,Samsung Notebook 9 spin NP940X3L-K01US computer,laptop,"A 13.3-inch convertible laptop tested with Windows 10 Home, an Intel Core i7-6500U 2.5GHz processor, 8GB of memory, Intel HD Graphics 520 graphics, a touchscreen, and a 256GB solid state drive.",False,http://www.consumerreports.org/products/laptop/samsung-notebook-9-spin-np940x3l-k01us-385106/user-reviews#user-reviews,
34,34,Vaio,Vaio Z computer,laptop,"A 13.3-inch laptop tested with Windows 10 Home, an Intel Core i5-6267U 2.9GHz processor, 8GB of memory, Intel Iris Graphics 550 graphics, and a 256GB solid state drive.",False,http://www.consumerreports.org/products/laptop/vaio-z-386114/user-reviews#user-reviews,
35,35,Vaio,Vaio Z Canvas computer,laptop,"A 12.3-inch detachable laptop tested with Windows 10 Pro, an Intel Core i7-4770HQ 2.2GHz processor, 16GB of memory, Intel Iris Pro Graphics 5200 graphics, a touchscreen, and a 512GB solid state drive.",False,http://www.consumerreports.org/products/laptop/vaio-z-canvas-385680/user-reviews#user-reviews,
36,36,Vaio,Vaio Z Flip computer,laptop,"A 13.3-inch convertible laptop tested with Windows 10 Home, an Intel Core i5-6267U 2.9GHz processor, 8GB of memory, Intel Iris Graphics 550 graphics, a touchscreen, and a 256GB solid state drive.",False,http://www.consumerreports.org/products/laptop/vaio-flip-z-385731/user-reviews#user-reviews,
37,37,Acer,Acer Aspire E5-575T-3678 computer,laptop,"A 15.6-inch laptop tested with Windows 10 Home, an Intel Core i3-6006U 2GHz processor, 8GB of memory, Intel HD Graphics 520 graphics, a touchscreen, and a 1TB hard drive.",False,http://www.consumerreports.org/products/laptop/acer-aspire-e5-575t-3678-388641/user-reviews#user-reviews,
38,38,Acer,Acer Aspire ES 15 E5-573-35JA computer,laptop,"A 15.6-inch laptop tested with Windows 10 Home, an Intel Core i3-5005U 2GHz processor, 4GB of memory, Intel HD Graphics 5500 graphics, and a 500GB hard drive.",False,http://www.consumerreports.org/products/laptop/acer-aspire-es-15-e5-573-35ja-386283/user-reviews#user-reviews,
39,39,Acer,Acer Aspire ES1-533-C55P computer,laptop,"A 15.6-inch laptop tested with Windows 10 Home, an Intel Celeron N3350 1.1GHz processor, 4GB of memory, Intel HD Graphics 500 graphics, and a 500GB hard drive.",False,http://www.consumerreports.org/products/laptop/acer-aspire-es1-533-c55p-388642/user-reviews#user-reviews,
40,40,Acer,Acer Aspire F5-573-505W computer,laptop,"A 15.6-inch laptop tested with Windows 10 Home, an Intel Core i5-6200U 2.3GHz processor, 8GB of memory, Intel HD Graphics 520 graphics, and a 1TB hard drive.",False,http://www.consumerreports.org/products/laptop/acer-aspire-f5-573-505w-386465/user-reviews#user-reviews,
41,41,Acer,Acer Aspire Nitro VN7- 592G-77 computer,laptop,"A 15.6-inch laptop tested with Windows 10 Home, an Intel Core i7-6700HQ 2.6GHz processor, 16GB of memory, Nvidia GeForce GTX 960M/Intel HD Graphics 530 graphics, and a 1TB hard drive and 256GB solid state drive.",False,http://www.consumerreports.org/products/laptop/acer-aspire-nitro-vn7-592g-77-386284/user-reviews#user-reviews,
42,42,Acer,Acer Aspire R3-131T-P6G7 computer,laptop,"An 11.6-inch convertible laptop tested with Windows 10 Home, an Intel Pentium N3710 1.6GHz processor, 4GB of memory, Intel HD Graphics 405 graphics, a touchscreen, and a 64GB solid state drive.",False,http://www.consumerreports.org/products/laptop/acer-aspire-r3-131t-p6g7-387266/user-reviews#user-reviews,
43,43,Acer,Acer Aspire S 13 S5-371T-76CY computer,laptop,"A 13.3-inch laptop tested with Windows 10 Home, an Intel Core i5-6500U 2.5GHz processor, 8GB of memory, Intel HD Graphics 520 graphics, a touchscreen, and a 512GB solid state drive.",False,http://www.consumerreports.org/products/laptop/acer-aspire-s-13-s5-371t-76cy-387895/user-reviews#user-reviews,
44,44,Acer,Acer Aspire S5-371-52JR computer,laptop,"A 13.3-inch laptop tested with Windows 10 Home, an Intel Core i5-6200U 2.3GHz processor, 8GB of memory, Intel HD Graphics 520 graphics, and a 256GB solid state drive.",False,http://www.consumerreports.org/products/laptop/acer-aspire-s5-371-52jr-386553/user-reviews#user-reviews,
45,45,Acer,Acer Aspire Switch 10 SW5-015-198P computer,laptop,"A 10.1-inch detachable laptop tested with Windows 10 Home, an Intel Atom Z3735F 1.33GHz processor, 2GB of memory, Intel HD Graphics graphics, a touchscreen, and a 64GB solid state drive.",False,http://www.consumerreports.org/products/laptop/acer-aspire-switch-10-sw5-015-198p-386345/user-reviews#user-reviews,
46,46,Acer,Acer Aspire V5-591G-55PV computer,laptop,"A 15.6-inch laptop tested with Windows 10 Home, an Intel Core i5-6300HQ 2.3GHz processor, 8GB of memory, Nvidia GeForce GTX 950M/Intel HD Graphics 530 graphics, and a 256GB solid state drive.",False,http://www.consumerreports.org/products/laptop/acer-aspire-v5-591g-55pv-387108/user-reviews#user-reviews,
47,47,Acer,Acer Spin 1 SP111-31-C2W3 computer,laptop,"An 11.6-inch convertible laptop tested with Windows 10 Home, an Intel Celeron N3350 1.1GHz processor, 4GB of memory, Intel HD Graphics graphics, a touchscreen, and a 32GB solid state drive.",False,http://www.consumerreports.org/products/laptop/acer-spin-1-sp111-31-c2w3-388639/user-reviews#user-reviews,
48,48,Acer,Acer Swift 7 SF713-51-M90J computer,laptop,"A 13.3-inch laptop tested with Windows 10 Home, an Intel Core i5-7Y54 1.2GHz processor, 8GB of memory, Intel HD Graphics 615 graphics, and a 256GB solid state drive.",False,http://www.consumerreports.org/products/laptop/acer-swift-7-sf713-51-m90j-387922/user-reviews#user-reviews,
49,49,Acer,Acer Switch Alpha 12 SA5-271-594J computer,laptop,"A 12-inch detachable laptop tested with Windows 10 Home, an Intel Core i5-6200U 2.3GHz processor, 8GB of memory, Intel HD Graphics 520 graphics, a touchscreen, and a 256GB solid state drive.",False,http://www.consumerreports.org/products/laptop/acer-switch-alpha-12-sa5-271-594j-386446/user-reviews#user-reviews,
50,50,Apple,Apple MacBook 12-inch MLHE2LL/A computer,laptop,"A 12-inch laptop tested with OS X El Capitan 10.11, an Intel Core m3 1.1GHz processor, 8GB of memory, Intel HD Graphics 515 graphics, and a 256GB solid state drive.",False,http://www.consumerreports.org/products/laptop/apple-macbook-12-inch-mlhe2ll-a-386115/user-reviews#user-reviews,
51,51,Apple,Apple MacBook 12-inch MNYH2LL/A computer,laptop,"A 12-inch laptop tested with macOS Sierra 10.12, an Intel Core m3 1.2GHz processor, 8GB of memory, Intel HD Graphics 615 graphics, and a 256GB solid state drive.",False,http://www.consumerreports.org/products/laptop/apple-macbook-12-inch-392572/user-reviews#user-reviews,
52,52,Apple,Apple MacBook Pro 13-inch MLL42LL/A computer,laptop,"A 13.3-inch laptop tested with macOS Sierra 10.12, an Intel Core i5 2GHz processor, 8GB of memory, Intel Iris Graphics 540 graphics, and a 256GB solid state drive.",False,http://www.consumerreports.org/products/laptop/apple-macbook-pro-13-inch-mll42ll-a-388052/user-reviews#user-reviews,
53,53,Apple,Apple MacBook Pro 13-inch MPXR2LL/A computer,laptop,"A 13.3-inch laptop tested with macOS Sierra 10.12, an Intel Core i5 2.3GHz processor, 8GB of memory, Intel Iris Plus Graphics 640 graphics, and a 128GB solid state drive.",False,http://www.consumerreports.org/products/laptop/apple-macbook-pro-13-inch-no-touch-bar-392573/user-reviews#user-reviews,
54,54,Asus,Asus Q304UA-BHI5T11 computer,laptop,"A 13.3-inch convertible laptop tested with Windows 10 Home, an Intel Core i5-7200U 2.5GHz processor, 6GB of memory, Intel HD Graphics 620 graphics, a touchscreen, and a 1TB hard drive.",False,http://www.consumerreports.org/products/laptop/asus-q304ua-bhi5t11-387894/user-reviews#user-reviews,
55,55,Asus,Asus Q524UQ-BBI7T14 computer,laptop,"A 15.6-inch convertible laptop tested with Windows 10 Home, an Intel Core I7-6500U 2.5GHz processor, 12GB of memory, Nvidia GeForce 940MX/Intel HD Graphics 530 graphics, a touchscreen, and a 2TB hard drive.",False,http://www.consumerreports.org/products/laptop/asus-q524uq-bbi7t14-386679/user-reviews#user-reviews,
56,56,Asus,Asus Q524UQ-BHI7T15 computer,laptop,"A 15.6-inch convertible laptop tested with Windows 10 Home, an Intel Core i7-7500U 2.7GHz processor, 12GB of memory, NVIDIA GeForce 940MX/Intel HD Graphics 620 graphics, a touchscreen, and a 2TB hybrid drive hard drive.",False,http://www.consumerreports.org/products/laptop/asus-q524uq-bhi7t15-388948/user-reviews#user-reviews,
57,57,Asus,Asus Transformer Book T300CHI-F1-DB computer,laptop,"A 12.5-inch detachable laptop tested with Windows 8.1, an Intel Core M-5Y10c 0.8GHz processor, 4GB of memory, Intel HD Graphics 5300 graphics, a touchscreen, and a 128GB solid-state drive.",False,http://www.consumerreports.org/products/laptop/asus-transformer-book-t300chi-f1-db-381372/user-reviews#user-reviews,
58,58,Asus,Asus VivoBook E200HA-US01 computer,laptop,"An 11.6-inch laptop tested with Windows 10 Home, an Intel Atom x5-Z8300 1.44GHz processor, 2GB of memory, Intel HD Graphics graphics, and a 32GB solid state drive.",False,http://www.consumerreports.org/products/laptop/asus-vivobook-e200ha-us01-385911/user-reviews#user-reviews,
59,59,Asus,Asus VivoBook Pro N552VX computer,laptop,"A 15.6-inch laptop tested with Windows 10 Home, an Intel Core I7-6700HQ 2.6GHz processor, 16GB of memory, Nvidia GeForce GTX 950M/Intel HD Graphics 530 graphics, a touchscreen, and a 512GB solid state drive and 2TB hard drive.",False,http://www.consumerreports.org/products/laptop/asus-vivobook-pro-n552vx-387457/user-reviews#user-reviews,
60,60,Dell,Dell Inspiron 11 3000 computer,laptop,"An 11.6-inch laptop tested with Windows 10 Home, an Intel Celeron N3050 1.6GHz processor, 2GB of memory, Intel HD Graphics graphics, and a 32GB solid state drive.",False,http://www.consumerreports.org/products/laptop/dell-inspiron-11-3000-385665/user-reviews#user-reviews,
61,61,Dell,Dell Inspiron 11 3000 3rd Gen computer,laptop,"An 11.6-inch convertible laptop tested with Windows 10 Home, an Intel Core m3-6Y30 0.9GHz processor, 4GB of memory, Intel HD Graphics 515 graphics, a touchscreen, and a 500GB hard drive.",False,http://www.consumerreports.org/products/laptop/brondell-inspiron-11-3000-3rd-gen-387111/user-reviews#user-reviews,
62,62,Dell,Dell Inspiron 13 7000 3rd Gen computer,laptop,"A 13.3-inch convertible laptop tested with Windows 10 Home, an Intel Core i5-6200U 2.3GHz processor, 8GB of memory, Intel HD Graphics 520 graphics, a touchscreen, and a 256GB solid state drive.",False,http://www.consumerreports.org/products/laptop/brondell-inspiron-13-7000-3rd-gen-387114/user-reviews#user-reviews,
63,63,Dell,Dell Inspiron 15 5000 3rd-Gen computer,laptop,"A 15.6-inch convertible laptop tested with Windows 10 Home, an Intel Core i5-6200U 2.3GHz processor, 8GB of memory, Intel HD Graphics 520 graphics, a touchscreen, and a 256GB solid state drive.",False,http://www.consumerreports.org/products/laptop/brondell-inspiron-15-5000-3rd-gen-387113/user-reviews#user-reviews,
64,64,Dell,Dell Inspiron 15 7000 3rd-Gen computer,laptop,"A 15.6-inch convertible laptop tested with Windows 10 Home, an Intel Core i5-6200U 2.3GHz processor, 8GB of memory, Intel HD Graphics 520 graphics, a touchscreen, and a 256GB solid state drive.",False,http://www.consumerreports.org/products/laptop/brondell-inspiron-15-7000-3rd-gen-387115/user-reviews#user-reviews,
65,65,Dell,Dell Inspiron 17 7000 3rd-Gen computer,laptop,"A 17.3-inch convertible laptop tested with Windows 10 Home, an Intel Core i5-6200U 2.3GHz processor, 12GB of memory, Intel HD Graphics 520 graphics, a touchscreen, and a 1TB hard drive.",False,http://www.consumerreports.org/products/laptop/brondell-inspiron-17-7000-3rd-gen-387116/user-reviews#user-reviews,
66,66,Dell,Dell Inspiron i3567-3465BLK computer,laptop,"A 15.6-inch laptop tested with Windows 10 Home, an Intel Core i3-7100U 2.4GHz processor, 8GB of memory, Intel HD Graphics 620 graphics, and a 128GB solid state drive.",False,http://www.consumerreports.org/products/laptop/dell-inspiron-i3567-3465blk-389334/user-reviews#user-reviews,
67,67,Dell,Dell Inspiron i5555-2843SLV computer,laptop,"A 15.6-inch laptop tested with Windows 10 Home, an AMD A10-8700P 1.8GHz processor, 12GB of memory, AMD Radeon R6 graphics, and a 1TB hard drive.",False,http://www.consumerreports.org/products/laptop/dell-inspiron-i5555-2843slv-388772/user-reviews#user-reviews,
68,68,Dell,Dell Inspiron i5565-5851GRY computer,laptop,"A 15.6-inch laptop tested with Windows 10 Home, an AMD FX-9800P 2.7GHz processor, 16GB of memory, AMD Radeon R8 M445DX/AMD Radeon R7 graphics, a touchscreen, and a 1TB hybrid drive hard drive.",False,http://www.consumerreports.org/products/laptop/dell-inspiron-i5565-5851gry-388949/user-reviews#user-reviews,
69,69,Dell,Dell Inspiron i5566-3000BLK computer,laptop,"A 15.6-inch laptop tested with Windows 10 Home, an Intel Core i3-7100U 2.4GHz processor, 6GB of memory, Intel HD Graphics 620 graphics, a touchscreen, and a 1TB hard drive.",False,http://www.consumerreports.org/products/laptop/dell-inspiron-i5566-3000blk-388771/user-reviews#user-reviews,writeRvwMsg Step: : <class 'selenium.common.exceptions.NoSuchElementException'>/n
70,70,Dell,Dell Inspiron i5567 computer,laptop,"A 15.6-inch laptop tested with Windows 10 Home, an Intel Core i7-7500U 2.7GHz processor, 16GB of memory, AMD Radeon R7 M440/Intel HD Graphics 620 graphics, a touchscreen, and a 1TB hybrid drive hard drive.",False,http://www.consumerreports.org/products/laptop/dell-inspiron-i5567-388951/user-reviews#user-reviews,
71,71,Dell,Dell Inspiron I7378-0028GRY computer,laptop,"A 13.3-inch convertible laptop tested with Windows 10 Home, an Intel Core i5-7200U 2.5GHz processor, 8GB of memory, Intel HD Graphics 620 graphics, a touchscreen, and a 256GB solid state drive.",False,http://www.consumerreports.org/products/laptop/dell-inspiron-i7378-0028gry-388097/user-reviews#user-reviews,
72,72,Dell,Dell Inspiron i7567-5000BLK computer,laptop,"A 15.6-inch laptop tested with Windows 10 Home, an Intel Core i5-7300HQ 2.5GHz processor, 8GB of memory, Nvidia GeForce GTX1050/Intel HD Graphics 630 graphics, and a 1TB hybrid drive hard drive.",False,http://www.consumerreports.org/products/laptop/dell-inspiron-i7567-5000blk-388640/user-reviews#user-reviews,
73,73,Dell,Dell XPS 12 2in1 computer,laptop,"A 12.5-inch detachable laptop tested with Windows 10 Home, an Intel Core m5-6Y54 1.1GHz processor, 8GB of memory, Intel HD Graphics 515 graphics, a touchscreen, and a 128GB solid state drive.",False,http://www.consumerreports.org/products/laptop/dell-xps-12-2in1-385666/user-reviews#user-reviews,writeRvwMsg Step: : <class 'selenium.common.exceptions.NoSuchElementException'>/n
74,74,Dell,Dell XPS 15 Non-Touch computer,laptop,"A 15.6-inch laptop tested with Windows 10 Home, an Intel Core i5-6300HQ 2.3GHz processor, 8GB of memory, Nvidia GeForce GTX 960M/Intel HD Graphics 530 graphics, and a 1TB hard drive.",False,http://www.consumerreports.org/products/laptop/dell-xps-15-non-touch-384997/user-reviews#user-reviews,
75,75,HP,HP 15-AY103DX computer,laptop,"A 15.6-inch convertible laptop tested with Windows 10 Home, an Intel Core i5-7200U 2.5GHz processor, 8GB of memory, Intel HD Graphics 620 graphics, a touchscreen, and a 1TB hard drive.",False,http://www.consumerreports.org/products/laptop/hp-15-ay103dx-388643/user-reviews#user-reviews,
76,76,HP,HP ENVY M7-U109DX computer,laptop,"A 17.3-inch laptop tested with Windows 10 Home, an Intel Core i7-7500U 2.7GHz processor, 16GB of memory, Nvidia GeForce 940MX/Intel HD Graphics 620 graphics, a touchscreen, and a 1TB hard drive.",False,http://www.consumerreports.org/products/laptop/hp-envy-m7-u109dx-388095/user-reviews#user-reviews,
77,77,HP,HP Pavilion 15 AMD computer,laptop,"A 15.6-inch laptop tested with Windows 10 Home, an AMD A9-9410 2.9GHz processor, 8GB of memory, AMD Radeon R5 Graphics graphics, and a 1TB hard drive.",False,http://www.consumerreports.org/products/laptop/hp-pavilion-15-amd-386454/user-reviews#user-reviews,writeRvwMsg Step: : <class 'selenium.common.exceptions.NoSuchElementException'>/n
78,78,HP,HP Pavilion 15 Gaming computer,laptop,"A 15.6-inch laptop tested with Windows 10 Home, an Intel Core i5-6200U 2.3GHz processor, 6GB of memory, Intel HD Graphics 520 graphics, a touchscreen, and a 1TB hard drive.",False,http://www.consumerreports.org/products/laptop/hp-pavilion-15-gaming-386456/user-reviews#user-reviews,
79,79,HP,HP Pavilion 15 i5 computer,laptop,"A 15.6-inch laptop tested with Windows 10 Home, an Intel Core i5-6300HQ 2.3GHz processor, 8GB of memory, Nvidia GeForce GTX 950M/Intel HD Graphics 530 graphics, a touchscreen, and a 1TB hard drive.",False,http://www.consumerreports.org/products/laptop/hp-pavilion-15-i5-386455/user-reviews#user-reviews,
80,80,HP,HP Pavilion 15-bc020nr computer,laptop,"A 15.6-inch laptop tested with Windows 10 Home, an Intel Core i5-6300HQ 2.3GHz processor, 12GB of memory, Nvidia GeForce GTX 960M/Intel HD Graphics 530 graphics, a touchscreen, and a 1TB hard drive.",False,http://www.consumerreports.org/products/laptop/hp-pavilion-15-bc020nr-387887/user-reviews#user-reviews,
81,81,HP,HP Pavilion 17 Gaming computer,laptop,"A 17.3-inch laptop tested with Windows 10 Home, an Intel Core i5-6300HQ 2.3GHz processor, 12GB of memory, Nvidia GeForce 960M/Intel HD Graphics 530 graphics, a touchscreen, and a 1TB hard drive.",False,http://www.consumerreports.org/products/laptop/hp-pavilion-17-gaming-386457/user-reviews#user-reviews,
82,82,HP,HP Pavilion 17-g148dx computer,laptop,"A 17.3-inch laptop tested with Windows 10 Home, an Intel Core i3-5020U 2.2GHz processor, 4GB of memory, Intel HD Graphics 5500 graphics, and a 1TB hard drive.",False,http://www.consumerreports.org/products/laptop/hp-pavilion-17-g148dx-386109/user-reviews#user-reviews,
83,83,HP,HP Pavilion M3-U101DX x360 computer,laptop,"A 13.3-inch convertible laptop tested with Windows 10 Home, an Intel Core i3-7100U 2.4GHz processor, 6GB of memory, Intel HD Graphics 620 graphics, a touchscreen, and a 500GB hard drive.",False,http://www.consumerreports.org/products/laptop/hp-pavilion-m3-u101dx-x360-388646/user-reviews#user-reviews,
84,84,HP,HP Pavilion x360 11.6 computer,laptop,"An 11.6-inch convertible laptop tested with Windows 10 Home, an Intel Celeron N3060 1.6GHz processor, 4GB of memory, Intel HD Graphics 400 graphics, a touchscreen, and a 500GB hard drive.",False,http://www.consumerreports.org/products/laptop/hp-pavilion-x360-11-6-386461/user-reviews#user-reviews,writeRvwMsg Step: : <class 'selenium.common.exceptions.NoSuchElementException'>/n
85,85,HP,HP Pavilion x360 13.3 computer,laptop,"A 13.3-inch convertible laptop tested with Windows 10 Home, an Intel Core i5-6200U 2.3GHz processor, 4GB of memory, Intel HD Graphics 520 graphics, a touchscreen, and a 500GB hard drive.",False,http://www.consumerreports.org/products/laptop/hp-pavilion-x360-13-3-386463/user-reviews#user-reviews,writeRvwMsg Step: : <class 'selenium.common.exceptions.NoSuchElementException'>/n
86,86,HP,HP Pavilion x360 15.6 computer,laptop,"A 15.6-inch convertible laptop tested with Windows 10 Home, an Intel Core i5-6200U 2.3GHz processor, 8GB of memory, Intel HD Graphics 520 graphics, a touchscreen, and a 1TB hard drive.",False,http://www.consumerreports.org/products/laptop/hp-pavilion-x360-15-6-386462/user-reviews#user-reviews,writeRvwMsg Step: : <class 'selenium.common.exceptions.NoSuchElementException'>/n
87,87,HP,HP Pavilion x360-11t computer,laptop,"An 11.6-inch convertible laptop tested with Windows 10 Home, an Intel Celeron N3050 1.6GHz processor, 4GB of memory, Intel HD Graphics graphics, a touchscreen, and a 500GB hard drive.",False,http://www.consumerreports.org/products/laptop/hp-pavilion-x360-11t-386338/user-reviews#user-reviews,
88,88,HP,HP Pavilion x360-13t computer,laptop,"A 13.3-inch convertible laptop tested with Windows 10 Home, an Intel Core i3-6100U 2.3GHz processor, 4GB of memory, Intel HD Graphics 520 graphics, a touchscreen, and a 500GB hard drive.",False,http://www.consumerreports.org/products/laptop/hp-pavilion-x360-13t-386339/user-reviews#user-reviews,writeRvwMsg Step: : <class 'selenium.common.exceptions.NoSuchElementException'>/n
89,89,HP,HP Spectre x360 13-AC013DX computer,laptop,"A 13.3-inch convertible laptop tested with Windows 10 Home, an Intel Core i7-7500U 2.7GHz processor, 8GB of memory, Intel HD Graphics 620 graphics, a touchscreen, and a 256GB solid state drive.",False,http://www.consumerreports.org/products/laptop/hp-spectre-x360-13-ac013dx-388767/user-reviews#user-reviews,
90,90,HP,HP Spectre x360 13t computer,laptop,"A 13.3-inch convertible laptop tested with Windows 10 Home, an Intel Core i5-7200U 2.5GHz processor, 8GB of memory, Intel HD Graphics 620 graphics, a touchscreen, and a 256GB solid state drive.",False,http://www.consumerreports.org/products/laptop/hp-spectre-x360-13t-387888/user-reviews#user-reviews,
91,91,HP,HP Spectre x360-15t computer,laptop,"A 15.6-inch convertible laptop tested with Windows 10 Home, an Intel Core i5-6200U 2.3GHz processor, 8GB of memory, Intel HD Graphics 520 graphics, a touchscreen, and a 256GB solid state drive.",False,http://www.consumerreports.org/products/laptop/hp-spectre-x360-15t-385668/user-reviews#user-reviews,writeRvwMsg Step: : <class 'selenium.common.exceptions.NoSuchElementException'>/n
92,92,HP,HP Stream 14-ax010nr computer,laptop,"A 14-inch laptop tested with Windows 10 Home, an Intel Celeron N3060 1.6GHz processor, 4GB of memory, Intel HD Graphics 400 graphics, and a 32GB solid state drive.",False,http://www.consumerreports.org/products/laptop/hp-stream-14-ax010nr-387686/user-reviews#user-reviews,
93,93,HP,HP x2 10-p020nr computer,laptop,"A 10.1-inch detachable laptop tested with Windows 10 Home, an Intel Atom x5-Z8350 1.44GHz processor, 2GB of memory, Intel HD Graphics graphics, a touchscreen, and a 32GB solid state drive.",False,http://www.consumerreports.org/products/laptop/hp-x2-10-p020nr-387886/user-reviews#user-reviews,writeRvwMsg Step: : <class 'selenium.common.exceptions.NoSuchElementException'>/n
94,94,Lenovo,Lenovo 310-15ABR computer,laptop,"A 15.6-inch laptop tested with Windows 10 Home, an AMD A12-9700P 2.5GHz processor, 8GB of memory, AMD Radeon R7 Graphics graphics, and a 1TB hard drive.",False,http://www.consumerreports.org/products/laptop/lenovo-310-15abr-388644/user-reviews#user-reviews,
95,95,Lenovo,Lenovo Flex 3 11 computer,laptop,"An 11.6-inch convertible laptop tested with Windows 8.1, an Intel Celeron N2940 1.83GHz processor, 4GB of memory, Intel HD Graphics graphics, a touchscreen, and a 500GB hard drive.",False,http://www.consumerreports.org/products/laptop/lenovo-flex-3-11-379139/user-reviews#user-reviews,
96,96,Lenovo,Lenovo Flex 4 computer,laptop,"A 14-inch convertible laptop tested with Windows 10 Home, an Intel Core i5-6200U 2.3GHz processor, 4GB of memory, Intel HD Graphics 520 graphics, a touchscreen, and a 1TB hard drive.",False,http://www.consumerreports.org/products/laptop/lenovo-flex-4-386342/user-reviews#user-reviews,writeRvwMsg Step: : <class 'selenium.common.exceptions.NoSuchElementException'>/n
97,97,Lenovo,Lenovo Flex 5 15 computer,laptop,"A 15.6-inch convertible laptop tested with Windows 10 Home, an Intel Core i7-7500U 2.7GHz processor, 16GB of memory, Nvidia GeForce 940MX/Intel HD Graphics 620 graphics, a touchscreen, and a 512GB solid state drive.",False,http://www.consumerreports.org/products/laptop/lenovo-flex-5-15-389338/user-reviews#user-reviews,
98,98,Lenovo,Lenovo G70-80Q5004QUS computer,laptop,"A 17.3-inch laptop tested with Windows 10 Home, an AMD A8-6410 2GHz processor, 4GB of memory, AMD Radeon R5 graphics, and a 1TB hard drive.",False,http://www.consumerreports.org/products/laptop/lenovo-g70-80q5004qus-385669/user-reviews#user-reviews,writeRvwMsg Step: : <class 'selenium.common.exceptions.NoSuchElementException'>/n
99,99,Lenovo,Lenovo Ideapad 500S computer,laptop,"A 14-inch laptop tested with Windows 10 Home, an Intel Core i7-6500U 2.5GHz processor, 8GB of memory, Nvidia GeForce 940M/Intel HD Graphics 520 graphics, and a 256GB solid state drive.",False,http://www.consumerreports.org/products/laptop/lenovo-ideapad-500s-385671/user-reviews#user-reviews,
100,100,Lenovo,Lenovo Ideapad 510s computer,laptop,"A 14-inch laptop tested with Windows 10 Home, an Intel Core i5-6200U 2.3GHz processor, 8GB of memory, AMD Radeon R7 M460/Intel HD Graphics 520 graphics, and a 1TB hard drive.",False,http://www.consumerreports.org/products/laptop/lenovo-ideapad-510s-386297/user-reviews#user-reviews,
101,101,Lenovo,"Lenovo Ideapad 700 15"" computer",laptop,"A 15.6-inch laptop tested with Windows 10 Home, an Intel Core i5-6300HQ 2.3GHz processor, 8GB of memory, Nvidia GeForce 950M/Intel HD Graphics 530 graphics, and a 500GB hard drive.",False,http://www.consumerreports.org/products/laptop/lenovo-ideapad-700-15-385672/user-reviews#user-reviews,
102,102,Lenovo,"Lenovo Ideapad 700 17"" computer",laptop,"A 17.3-inch laptop tested with Windows 10 Home, an Intel Core i7-6700HQ 2.6GHz processor, 8GB of memory, Nvidia GeForce 940M/Intel HD Graphics 530 graphics, and a 256GB solid state drive.",False,http://www.consumerreports.org/products/laptop/lenovo-ideapad-700-17-385673/user-reviews#user-reviews,writeRvwMsg Step: : <class 'selenium.common.exceptions.NoSuchElementException'>/n
103,103,Lenovo,Lenovo Ideapad Miix 700 computer,laptop,"A 12-inch detachable laptop tested with Windows 10 Home, an Intel Core m3-6Y30 0.9GHz processor, 4GB of memory, Intel HD Graphics 515 graphics, a touchscreen, and a 64GB solid state drive.",False,http://www.consumerreports.org/products/laptop/lenovo-ideapad-miix-700-385849/user-reviews#user-reviews,
104,104,Lenovo,Lenovo ThinkPad X1 Tablet computer,laptop,"A 12-inch detachable laptop tested with Windows 10 Home, an Intel Core m3-6Y30 0.9GHz processor, 4GB of memory, Intel HD Graphics 515 graphics, a touchscreen, and a 128GB solid state drive.",False,http://www.consumerreports.org/products/laptop/lenovo-thinkpad-x1-tablet-386111/user-reviews#user-reviews,
105,105,Lenovo,Lenovo ThinkPad X260 computer,laptop,"A 12.5-inch laptop tested with Windows 10 Home, an Intel Core i5-6200U 2.3GHz processor, 8GB of memory, Intel HD Graphics 520 graphics, and a 192GB solid state drive.",False,http://www.consumerreports.org/products/laptop/lenovo-thinkpad-x260-386344/user-reviews#user-reviews,
106,106,Lenovo,"Lenovo Yoga 710 14"" computer",laptop,"A 14-inch convertible laptop tested with Windows 10 Home, an Intel Core i5-6200U 2.3GHz processor, 8GB of memory, Nvidia GeForce 940MX/Intel HD Graphics 520 graphics, a touchscreen, and a 256GB solid state drive.",False,http://www.consumerreports.org/products/laptop/lenovo-yoga-710-14-386361/user-reviews#user-reviews,
107,107,LG,LG Gram 13 - Touchscreen computer,laptop,"A 13.3-inch laptop tested with Windows 10 Home, an Intel Core i5-7200U 2.5GHz processor, 8GB of memory, Intel HD Graphics 620 graphics, a touchscreen, and a 256GB solid state drive.",False,http://www.consumerreports.org/products/laptop/lg-gram-13-touchscreen-388777/user-reviews#user-reviews,
108,108,LG,LG gram 13Z950 computer,laptop,"A 13.3-inch laptop tested with Windows 10 Home, an Intel Core i5-5200U 2.2GHz processor, 8GB of memory, Intel HD Graphics 5500 graphics, and a 128GB solid state drive.",False,http://www.consumerreports.org/products/laptop/lg-gram-13z950-384803/user-reviews#user-reviews,
109,109,LG,LG Gram 14 - Touchscreen computer,laptop,"A 14-inch laptop tested with Windows 10 Home, an Intel Core i5-7200U 2.5GHz processor, 8GB of memory, Intel HD Graphics 620 graphics, a touchscreen, and a 256GB solid state drive.",False,http://www.consumerreports.org/products/laptop/lg-gram-14-touchscreen-388778/user-reviews#user-reviews,writeRvwMsg Step: : <class 'selenium.common.exceptions.NoSuchElementException'>/n
110,110,LG,LG Gram 15 - Touchscreen computer,laptop,"A 15.6-inch laptop tested with Windows 10 Home, an Intel Core i5-6200U 2.3GHz processor, 8GB of memory, Intel HD Graphics 520 graphics, a touchscreen, and a 256GB solid state drive.",False,http://www.consumerreports.org/products/laptop/lg-gram-15-touchscreen-388773/user-reviews#user-reviews,
111,111,Microsoft,Microsoft Surface 3 computer,laptop,"A 10.8-inch detachable laptop tested with Windows 8.1, an Intel Atom x7-Z8700 1.6GHz processor, 2GB of memory, Intel HD Graphics graphics, a touchscreen, and a 64GB solid state drive.",False,http://www.consumerreports.org/products/laptop/microsoft-surface-3-384272/user-reviews#user-reviews,writeRvwMsg Step: : <class 'selenium.common.exceptions.NoSuchElementException'>/n
112,112,Microsoft,Microsoft Surface Book (512GB) computer,laptop,"A 13.5-inch detachable laptop tested with Windows 10 Pro, an Intel Core I7-6600U 2.6GHz processor, 16GB of memory, Nvidia GeForce 965M/Intel HD Graphics 520 graphics, a touchscreen, and a 512GB solid state drive.",False,http://www.consumerreports.org/products/laptop/microsoft-surface-book-512gb-388051/user-reviews#user-reviews,writeRvwMsg Step: : <class 'selenium.common.exceptions.NoSuchElementException'>/n
113,113,Microsoft,"Microsoft Surface Laptop (Core i5, 128GB) computer",laptop,"A 13.5-inch laptop tested with Windows 10 Pro, an Intel Core i5-7200U 2.5GHz processor, 4GB of memory, Intel HD Graphics 620 graphics, a touchscreen, and a 128GB hybrid drive solid state drive.",False,http://www.consumerreports.org/products/laptop/microsoft-surface-389343/user-reviews#user-reviews,
114,114,Microsoft,"Microsoft Surface Laptop (Core i5, 256GB) computer",laptop,"A 13.5-inch laptop tested with Windows 10 Pro, an Intel Core i5-7200U 2.5GHz processor, 8GB of memory, Intel HD Graphics 620 graphics, a touchscreen, and a 256GB hybrid drive solid state drive.",False,http://www.consumerreports.org/products/laptop/microsoft-surface-laptop-core-i5-256gb-392723/user-reviews#user-reviews,
115,115,Samsung,Samsung ATIV Book 9 Plus NP940X3K-K03US computer,laptop,"A 13.3-inch laptop tested with Windows 8.1, an Intel Core i5-5200U 2.2GHz processor, 4GB of memory, Intel HD Graphics 5500 graphics, a touchscreen, and a 128GB solid state drive.",False,http://www.consumerreports.org/products/laptop/samsung-ativ-book-9-plus-np940x3k-k03us-371600/user-reviews#user-reviews,
116,116,Samsung,Samsung Galaxy TabPro S computer,laptop,"A 12-inch detachable laptop tested with Windows 10 Home, an Intel Core m3-6Y30 0.9GHz processor, 4GB of memory, Intel HD Graphics 515 graphics, a touchscreen, and a 128GB solid state drive.",False,http://www.consumerreports.org/products/laptop/samsung-galaxy-tabpro-s-385907/user-reviews#user-reviews,
117,117,Samsung,Samsung Notebook 5 computer,laptop,"A 15.6-inch laptop tested with Windows 10 Home, an Intel Core i5-7200U 2.5GHz processor, 8GB of memory, NVIDIA GeForce 920MX/Intel HD Graphics 620 graphics, a touchscreen, and a 1TB hybrid drive hard drive.",False,http://www.consumerreports.org/products/laptop/samsung-notebook-5-388770/user-reviews#user-reviews,
118,118,Samsung,Samsung Notebook 7 740U3L computer,laptop,"A 13.3-inch convertible laptop tested with Windows 10 Home, an Intel Core i5-6200U 2.3GHz processor, 8GB of memory, Intel HD Graphics 520 graphics, a touchscreen, and a 1TB hard drive.",False,http://www.consumerreports.org/products/laptop/samsung-notebook-7-740u3l-387109/user-reviews#user-reviews,writeRvwMsg Step: : <class 'selenium.common.exceptions.NoSuchElementException'>/n
119,119,Samsung,Samsung Notebook 7 Spin 13 computer,laptop,"A 13.3-inch convertible laptop tested with Windows 10 Home, an Intel Core i5-7200U 2.5GHz processor, 12GB of memory, Intel HD Graphics 620 graphics, a touchscreen, and a 1TB hybrid drive hard drive.",False,http://www.consumerreports.org/products/laptop/samsung-notebook-7-spin-13-388953/user-reviews#user-reviews,
120,120,Samsung,Samsung Notebook 7 Spin 15 computer,laptop,"A 15.6-inch convertible laptop tested with Windows 10 Home, an Intel Core i5-7500U 2.7GHz processor, 12GB of memory, NVIDIA GeForce 940MX/Intel HD Graphics 620 graphics, a touchscreen, and a 1TB hybrid drive hard drive.",False,http://www.consumerreports.org/products/laptop/samsung-notebook-7-spin-15-388954/user-reviews#user-reviews,writeRvwMsg Step: : <class 'selenium.common.exceptions.NoSuchElementException'>/n
121,121,Toshiba,Toshiba dynaPad WT12PE-A64 computer,laptop,"A 12-inch detachable laptop tested with Windows 10 Home, an Intel Atom x5-Z8300 1.44GHz processor, 4GB of memory, Intel HD Graphics graphics, a touchscreen, and a 64GB solid state drive.",False,http://www.consumerreports.org/products/laptop/toshiba-dynapad-wt12pe-a64-385691/user-reviews#user-reviews,
122,122,Toshiba,Toshiba Satellite Click10 LX0WÂ­C64 computer,laptop,"A 10.2-inch detachable laptop tested with Windows 10 Home, an Intel Atom x5-Z8300 1.44GHz processor, 2GB of memory, Intel HD Graphics graphics, a touchscreen, and a 64GB solid state drive.",False,http://www.consumerreports.org/products/laptop/toshiba-satellite-click10-lx0w-c64-384805/user-reviews#user-reviews,writeRvwMsg Step: : <class 'selenium.common.exceptions.NoSuchElementException'>/n
123,123,Toshiba,Toshiba Satellite Radius P25W-C2300-4K computer,laptop,"A 12.5-inch convertible laptop tested with Windows 10 Home, an Intel Core i7-6500U 2.5GHz processor, 8GB of memory, Intel HD Graphics 520 graphics, a touchscreen, and a 256GB solid state drive.",False,http://www.consumerreports.org/products/laptop/toshiba-satellite-radius-p25w-c2300-4k-385005/user-reviews#user-reviews,writeRvwMsg Step: : <class 'selenium.common.exceptions.NoSuchElementException'>/n
124,124,Vaio,Vaio S computer,laptop,"A 13.3-inch laptop tested with Windows 10 Pro, an Intel Core i5-6200U 2.3GHz processor, 8GB of memory, Intel HD Graphics 520 graphics, and a 128GB solid state drive.",False,http://www.consumerreports.org/products/laptop/vaio-s-386113/user-reviews#user-reviews,writeRvwMsg Step: : <class 'selenium.common.exceptions.NoSuchElementException'>/n
125,125,Acer,Acer Aspire E5-574-53QS computer,laptop,"A 15.6-inch laptop tested with Windows 10 Home, an Intel Core i5-6200U 2.3GHz processor, 4GB of memory, Intel HD Graphics 520 graphics, and a 1TB hard drive.",False,http://www.consumerreports.org/products/laptop/acer-aspire-e5-574-53qs-385910/user-reviews#user-reviews,
126,126,Acer,Acer Aspire ES1-571-P1MG computer,laptop,"A 15.6-inch laptop tested with Windows 10 Home, an Intel Pentium 3556U 1.7GHz processor, 4GB of memory, Intel HD Graphics graphics, and a 500GB hard drive.",False,http://www.consumerreports.org/products/laptop/acer-aspire-es1-571-p1mg-386346/user-reviews#user-reviews,
127,127,Acer,Acer Aspire R5-571T-57Z0 computer,laptop,"A 15.6-inch convertible laptop tested with Windows 10 Home, an Intel Core i7-7200U 2.5GHz processor, 8GB of memory, Intel HD Graphics 620 graphics, a touchscreen, and a 1TB hard drive.",False,http://www.consumerreports.org/products/laptop/acer-aspire-r5-571t-57z0-388093/user-reviews#user-reviews,
128,128,Acer,Acer Aspire R7-372T-54TM computer,laptop,"A 13.3-inch convertible laptop tested with Windows 10 Home, an Intel Core i5-6200U 2.3GHz processor, 8GB of memory, Intel HD Graphics 520 graphics, a touchscreen, and a 256GB solid state drive.",False,http://www.consumerreports.org/products/laptop/acer-aspire-r7-372t-54tm-387107/user-reviews#user-reviews,
129,129,Acer,Acer Spin 5 SP513-51-55ZR computer,laptop,"A 13.3-inch convertible laptop tested with Windows 10 Home, an Intel Core i5-6200U 2.3GHz processor, 8GB of memory, Intel HD Graphics 520 graphics, a touchscreen, and a 256GB solid state drive.",False,http://www.consumerreports.org/products/laptop/acer-spin-5-sp513-51-55zr-388098/user-reviews#user-reviews,
130,130,Acer,Acer Swift 3 SF314-51-52W2 computer,laptop,"A 14-inch laptop tested with Windows 10 Home, an Intel Core i5-6200U 2.3GHz processor, 8GB of memory, Intel HD Graphics 520 graphics, and a 256GB solid state drive.",False,http://www.consumerreports.org/products/laptop/acer-swift-3-sf314-51-52w2-387923/user-reviews#user-reviews,
131,131,Apple,Apple MacBook Pro 15-inch with Touch Bar MPTU2LL/A computer,laptop,"A 15.4-inch laptop tested with macOS Sierra 10.12, an Intel Core i7 2.8GHz processor, 16GB of memory, AMD Radeon Pro 555/Intel HD Graphics 630 graphics, and a 256GB solid state drive.",False,http://www.consumerreports.org/products/laptop/apple-macbook-pro-15-inch-touch-bar-392574/user-reviews#user-reviews,
132,132,Asus,Asus EeeBook E402MA-EH computer,laptop,"A 14-inch laptop tested with Windows 10 Home, an Intel Celeron N2840 2.16GHz processor, 2GB of memory, Intel HD Graphics graphics, and a 32GB solid state drive.",False,http://www.consumerreports.org/products/laptop/asus-eeebook-e402ma-eh-386280/user-reviews#user-reviews,
133,133,Asus,Asus Q304UA-BBI5T10 computer,laptop,"A 13.3-inch convertible laptop tested with Windows 10 Home, an Intel Core i5-6200U 2.3GHz processor, 6GB of memory, Intel HD Graphics 520 graphics, a touchscreen, and a 1TB hard drive.",False,http://www.consumerreports.org/products/laptop/asus-q304ua-bbi5t10-386676/user-reviews#user-reviews,
134,134,Asus,Asus T300CHI-RHM5T06 computer,laptop,"A 12.5-inch detachable laptop tested with Windows 10 Home, an Intel Core M-5Y10c 0.8GHz processor, 4GB of memory, Intel HD Graphics 5300 graphics, a touchscreen, and a 128GB solid state drive.",False,http://www.consumerreports.org/products/laptop/asus-t300chi-rhm5t06-385010/user-reviews#user-reviews,
135,135,Asus,Asus Transformer Book T100CHI-C1 computer,laptop,"A 10.1-inch detachable laptop tested with Windows 8.1 with Bing, an Intel Atom Z3775 1.46GHz processor, 2GB of memory, Intel HD Graphics graphics, a touchscreen, and a 64GB solid state drive.",False,http://www.consumerreports.org/products/laptop/asus-transformer-book-t100chi-c1-379138/user-reviews#user-reviews,
136,136,Asus,Asus VivoBook E403SA-US21 computer,laptop,"A 14-inch laptop tested with Windows 10 Home, an Intel Pentium N3700 1.6GHz processor, 4GB of memory, Intel HD Graphics graphics, and a 128GB solid state drive.",False,http://www.consumerreports.org/products/laptop/asus-vivobook-e403sa-us21-386117/user-reviews#user-reviews,
137,137,Asus,Asus X555YA-DB84Q computer,laptop,"A 15.6-inch laptop tested with Windows 10 Home, an AMD A8-7410 2.2GHz processor, 8GB of memory, AMD Radeon R5 Graphics graphics, and a 1TB hard drive.",False,http://www.consumerreports.org/products/laptop/asus-x555ya-db84q-387687/user-reviews#user-reviews,
138,138,Dell,Dell Inspiron I3452-600BLK computer,laptop,"A 14-inch laptop tested with Windows 10 Home, an Intel Celeron N3050 1.6GHz processor, 2GB of memory, Intel HD Graphics graphics, and a 32GB solid state drive.",False,http://www.consumerreports.org/products/laptop/dell-inspiron-i3452-600blk-384994/user-reviews#user-reviews,
139,139,Dell,Dell Inspiron i5568-5240 computer,laptop,"A 15.6-inch convertible laptop tested with Windows 10 Home, an Intel Core i7-6500U 2.5GHz processor, 8GB of memory, Intel HD Graphics 520 graphics, a touchscreen, and a 1TB hard drive.",False,http://www.consumerreports.org/products/laptop/dell-inspiron-i5568-5240-387264/user-reviews#user-reviews,
140,140,HP,HP ENVY x360 15t Touch 7th Gen computer,laptop,"A 15.6-inch convertible laptop tested with Windows 10 Home, an Intel Core i5-7200U 2.5GHz processor, 8GB of memory, Intel HD Graphics 620 graphics, a touchscreen, and a 1TB hard drive.",False,http://www.consumerreports.org/products/laptop/hp-envy-x360-15t-touch-7th-gen-387889/user-reviews#user-reviews,
141,141,HP,HP Laptop 17.3 computer,laptop,"A 17.3-inch laptop tested with Windows 10 Home, an Intel Core i5-6200U 2.3GHz processor, 4GB of memory, Intel HD Graphics 520 graphics, a touchscreen, and a 1TB hard drive.",False,http://www.consumerreports.org/products/laptop/hp-laptop-17-3-386464/user-reviews#user-reviews,
142,142,HP,HP Pavilion x2 12b010nr computer,laptop,"A 12-inch detachable laptop tested with Windows 10 Home, an Intel Atom x5-Z8500 1.44GHz processor, 2GB of memory, Intel HD Graphics graphics, a touchscreen, and a 64GB solid state drive.",False,http://www.consumerreports.org/products/laptop/hp-pavilion-x2-12b010nr-385667/user-reviews#user-reviews,
143,143,Huawei,Huawei Matebook computer,laptop,"A 12-inch detachable laptop tested with Windows 10 Home, an Intel Core m3-6Y30 0.9GHz processor, 4GB of memory, Intel HD Graphics 515 graphics, a touchscreen, and a 128GB solid state drive.",False,http://www.consumerreports.org/products/laptop/huawei-matebook-387684/user-reviews#user-reviews,
144,144,Lenovo,Lenovo 110-15IBR 80T7000HUS computer,laptop,"A 15.6-inch laptop tested with Windows 10 Home, an Intel Celeron N3060 1.6GHz processor, 4GB of memory, Intel HD Graphics 400 graphics, and a 500GB hard drive.",False,http://www.consumerreports.org/products/laptop/lenovo-110-15ibr-386678/user-reviews#user-reviews,
145,145,Lenovo,Lenovo 300-17ISK 80QH008MUS computer,laptop,"A 17.3-inch laptop tested with Windows 10 Home, an Intel Core i3-6100U 2.3GHz processor, 4GB of memory, Intel HD Graphics 520 graphics, and a 500GB hard drive.",False,http://www.consumerreports.org/products/laptop/lenovo-300-17isk-386677/user-reviews#user-reviews,
146,146,Lenovo,Lenovo Flex 3 80LY0008US computer,laptop,"An 11.6-inch convertible laptop tested with Windows 10 Home, an Intel Celeron N3050 1.6GHz processor, 4GB of memory, Intel HD Graphics graphics, a touchscreen, and a 500GB hard drive.",False,http://www.consumerreports.org/products/laptop/lenovo-flex-3-80ly0008us-385003/user-reviews#user-reviews,
147,147,Lenovo,Lenovo Ideapad 300S computer,laptop,"A 14-inch laptop tested with Windows 10 Home, an Intel Core i5-6200U 2.3GHz processor, 8GB of memory, Intel HD Graphics 520 graphics, and a 500GB hard drive.",False,http://www.consumerreports.org/products/laptop/lenovo-ideapad-300s-385670/user-reviews#user-reviews,
148,148,Lenovo,Lenovo Ideapad Miix 310 computer,laptop,"A 10.1-inch detachable laptop tested with Windows 10 Home, an Intel Atom Z8350 1.44GHz processor, 2GB of memory, Intel HD Graphics 400 graphics, a touchscreen, and a 64GB solid state drive.",False,http://www.consumerreports.org/products/laptop/lenovo-ideapad-miix-310-387117/user-reviews#user-reviews,
149,149,Lenovo,Lenovo Ideapad Y700 80NU000UUS computer,laptop,"A 14-inch laptop tested with Windows 10 Home, an Intel Core i7-6700HQ 2.6GHz processor, 8GB of memory, AMD Radeon R9 M375/Intel HD Graphics 530 graphics, and a 500GB hard drive and 128GB solid state drive.",False,http://www.consumerreports.org/products/laptop/lenovo-ideapad-y700-80nu000sus-386451/user-reviews#user-reviews,
150,150,Lenovo,Lenovo Ideapad Y700 80NW000PUS computer,laptop,"A 15.6-inch laptop tested with Windows 10 Home, an Intel Core i7-6700HQ 2.6GHz processor, 8GB of memory, NVIDIA GeForce GTX 960M/Intel HD Graphics 530 graphics, a touchscreen, and a 1TB hard drive.",False,http://www.consumerreports.org/products/laptop/lenovo-ideapad-y700-80nw000pus-386453/user-reviews#user-reviews,
151,151,Lenovo,Lenovo Ideapad Y700 80Q0008WUS computer,laptop,"A 17.3-inch laptop tested with Windows 10 Home, an Intel Core i7-6700HQ 2.6GHz processor, 8GB of memory, Nvidia GeForce 960M/Intel HD Graphics 530 graphics, and a 256GB solid state drive.",False,http://www.consumerreports.org/products/laptop/lenovo-ideapad-y700-80q0008wus-386452/user-reviews#user-reviews,
152,152,Lenovo,Lenovo ThinkPad N22 computer,laptop,"An 11.6-inch laptop tested with Windows 10 Home, an Intel Celeron N3050 1.6GHz processor, 4GB of memory, Intel HD Graphics graphics, and a 32GB solid state drive.",False,http://www.consumerreports.org/products/laptop/lenovo-thinkpad-n22-387458/user-reviews#user-reviews,
153,153,Lenovo,Lenovo ThinkPad X1 Carbon 4th Gen computer,laptop,"A 14-inch laptop tested with Windows 10 Home, an Intel Core i5-6200U 2.3GHz processor, 8GB of memory, Intel HD Graphics 520 graphics, and a 128GB solid state drive.",False,http://www.consumerreports.org/products/laptop/lenovo-thinkpad-x1-carbon-4th-gen-386343/user-reviews#user-reviews,
154,154,LG,LG gram 14Z950 computer,laptop,"A 14-inch laptop tested with Windows 10 Home, an Intel Core i5-5200U 2.2GHz processor, 8GB of memory, Intel HD Graphics 5500 graphics, and a 128GB solid state drive.",False,http://www.consumerreports.org/products/laptop/lg-gram-14z950-384804/user-reviews#user-reviews,
155,155,LG,LG gram 15Z960 computer,laptop,"A 15.6-inch laptop tested with Windows 10 Home, an Intel Core i5-6200U 2.3GHz processor, 8GB of memory, Intel HD Graphics 520 graphics, and a 256GB solid state drive.",False,http://www.consumerreports.org/products/laptop/lg-gram-15z-960-386112/user-reviews#user-reviews,
156,156,Samsung,Samsung ATIV Book 9 NP930X2K-K02US computer,laptop,"A 12.2-inch laptop tested with Windows 8.1, an Intel Core M-5Y31 0.9GHz processor, 4GB of memory, Intel HD Graphics 5300 graphics, and a 128GB solid state drive.",False,http://www.consumerreports.org/products/laptop/samsung-ativ-book-9-np930x2k-k02us-371599/user-reviews#user-reviews,
157,157,Samsung,Samsung Notebook 7 740U5LE computer,laptop,"A 15.6-inch convertible laptop tested with Windows 10 Home, an Intel Core i7-6500U 2.5GHz processor, 12GB of memory, Nvidia GeForce 940MX/Intel HD Graphics 520 graphics, a touchscreen, and a 1TB hard drive.",False,http://www.consumerreports.org/products/laptop/samsung-notebook-7-740u5le-387110/user-reviews#user-reviews,
158,158,Samsung,Samsung Notebook 9 spin NP940X3L-K01US computer,laptop,"A 13.3-inch convertible laptop tested with Windows 10 Home, an Intel Core i7-6500U 2.5GHz processor, 8GB of memory, Intel HD Graphics 520 graphics, a touchscreen, and a 256GB solid state drive.",False,http://www.consumerreports.org/products/laptop/samsung-notebook-9-spin-np940x3l-k01us-385106/user-reviews#user-reviews,
159,159,Vaio,Vaio Z computer,laptop,"A 13.3-inch laptop tested with Windows 10 Home, an Intel Core i5-6267U 2.9GHz processor, 8GB of memory, Intel Iris Graphics 550 graphics, and a 256GB solid state drive.",False,http://www.consumerreports.org/products/laptop/vaio-z-386114/user-reviews#user-reviews,
160,160,Vaio,Vaio Z Canvas computer,laptop,"A 12.3-inch detachable laptop tested with Windows 10 Pro, an Intel Core i7-4770HQ 2.2GHz processor, 16GB of memory, Intel Iris Pro Graphics 5200 graphics, a touchscreen, and a 512GB solid state drive.",False,http://www.consumerreports.org/products/laptop/vaio-z-canvas-385680/user-reviews#user-reviews,
161,161,Vaio,Vaio Z Flip computer,laptop,"A 13.3-inch convertible laptop tested with Windows 10 Home, an Intel Core i5-6267U 2.9GHz processor, 8GB of memory, Intel Iris Graphics 550 graphics, a touchscreen, and a 256GB solid state drive.",False,http://www.consumerreports.org/products/laptop/vaio-flip-z-385731/user-reviews#user-reviews,
162,162,Acer,Acer Aspire E5-575T-3678 computer,laptop,"A 15.6-inch laptop tested with Windows 10 Home, an Intel Core i3-6006U 2GHz processor, 8GB of memory, Intel HD Graphics 520 graphics, a touchscreen, and a 1TB hard drive.",False,http://www.consumerreports.org/products/laptop/acer-aspire-e5-575t-3678-388641/user-reviews#user-reviews,
163,163,Acer,Acer Aspire ES 15 E5-573-35JA computer,laptop,"A 15.6-inch laptop tested with Windows 10 Home, an Intel Core i3-5005U 2GHz processor, 4GB of memory, Intel HD Graphics 5500 graphics, and a 500GB hard drive.",False,http://www.consumerreports.org/products/laptop/acer-aspire-es-15-e5-573-35ja-386283/user-reviews#user-reviews,
164,164,Acer,Acer Aspire ES1-533-C55P computer,laptop,"A 15.6-inch laptop tested with Windows 10 Home, an Intel Celeron N3350 1.1GHz processor, 4GB of memory, Intel HD Graphics 500 graphics, and a 500GB hard drive.",False,http://www.consumerreports.org/products/laptop/acer-aspire-es1-533-c55p-388642/user-reviews#user-reviews,
165,165,Acer,Acer Aspire F5-573-505W computer,laptop,"A 15.6-inch laptop tested with Windows 10 Home, an Intel Core i5-6200U 2.3GHz processor, 8GB of memory, Intel HD Graphics 520 graphics, and a 1TB hard drive.",False,http://www.consumerreports.org/products/laptop/acer-aspire-f5-573-505w-386465/user-reviews#user-reviews,
166,166,Acer,Acer Aspire Nitro VN7- 592G-77 computer,laptop,"A 15.6-inch laptop tested with Windows 10 Home, an Intel Core i7-6700HQ 2.6GHz processor, 16GB of memory, Nvidia GeForce GTX 960M/Intel HD Graphics 530 graphics, and a 1TB hard drive and 256GB solid state drive.",False,http://www.consumerreports.org/products/laptop/acer-aspire-nitro-vn7-592g-77-386284/user-reviews#user-reviews,
167,167,Acer,Acer Aspire R3-131T-P6G7 computer,laptop,"An 11.6-inch convertible laptop tested with Windows 10 Home, an Intel Pentium N3710 1.6GHz processor, 4GB of memory, Intel HD Graphics 405 graphics, a touchscreen, and a 64GB solid state drive.",False,http://www.consumerreports.org/products/laptop/acer-aspire-r3-131t-p6g7-387266/user-reviews#user-reviews,
168,168,Acer,Acer Aspire S 13 S5-371T-76CY computer,laptop,"A 13.3-inch laptop tested with Windows 10 Home, an Intel Core i5-6500U 2.5GHz processor, 8GB of memory, Intel HD Graphics 520 graphics, a touchscreen, and a 512GB solid state drive.",False,http://www.consumerreports.org/products/laptop/acer-aspire-s-13-s5-371t-76cy-387895/user-reviews#user-reviews,
169,169,Acer,Acer Aspire S5-371-52JR computer,laptop,"A 13.3-inch laptop tested with Windows 10 Home, an Intel Core i5-6200U 2.3GHz processor, 8GB of memory, Intel HD Graphics 520 graphics, and a 256GB solid state drive.",False,http://www.consumerreports.org/products/laptop/acer-aspire-s5-371-52jr-386553/user-reviews#user-reviews,
170,170,Acer,Acer Aspire Switch 10 SW5-015-198P computer,laptop,"A 10.1-inch detachable laptop tested with Windows 10 Home, an Intel Atom Z3735F 1.33GHz processor, 2GB of memory, Intel HD Graphics graphics, a touchscreen, and a 64GB solid state drive.",False,http://www.consumerreports.org/products/laptop/acer-aspire-switch-10-sw5-015-198p-386345/user-reviews#user-reviews,
171,171,Acer,Acer Aspire V5-591G-55PV computer,laptop,"A 15.6-inch laptop tested with Windows 10 Home, an Intel Core i5-6300HQ 2.3GHz processor, 8GB of memory, Nvidia GeForce GTX 950M/Intel HD Graphics 530 graphics, and a 256GB solid state drive.",False,http://www.consumerreports.org/products/laptop/acer-aspire-v5-591g-55pv-387108/user-reviews#user-reviews,
172,172,Acer,Acer Spin 1 SP111-31-C2W3 computer,laptop,"An 11.6-inch convertible laptop tested with Windows 10 Home, an Intel Celeron N3350 1.1GHz processor, 4GB of memory, Intel HD Graphics graphics, a touchscreen, and a 32GB solid state drive.",False,http://www.consumerreports.org/products/laptop/acer-spin-1-sp111-31-c2w3-388639/user-reviews#user-reviews,
173,173,Acer,Acer Swift 7 SF713-51-M90J computer,laptop,"A 13.3-inch laptop tested with Windows 10 Home, an Intel Core i5-7Y54 1.2GHz processor, 8GB of memory, Intel HD Graphics 615 graphics, and a 256GB solid state drive.",False,http://www.consumerreports.org/products/laptop/acer-swift-7-sf713-51-m90j-387922/user-reviews#user-reviews,
174,174,Acer,Acer Switch Alpha 12 SA5-271-594J computer,laptop,"A 12-inch detachable laptop tested with Windows 10 Home, an Intel Core i5-6200U 2.3GHz processor, 8GB of memory, Intel HD Graphics 520 graphics, a touchscreen, and a 256GB solid state drive.",False,http://www.consumerreports.org/products/laptop/acer-switch-alpha-12-sa5-271-594j-386446/user-reviews#user-reviews,
175,175,Apple,Apple MacBook 12-inch MLHE2LL/A computer,laptop,"A 12-inch laptop tested with OS X El Capitan 10.11, an Intel Core m3 1.1GHz processor, 8GB of memory, Intel HD Graphics 515 graphics, and a 256GB solid state drive.",False,http://www.consumerreports.org/products/laptop/apple-macbook-12-inch-mlhe2ll-a-386115/user-reviews#user-reviews,
176,176,Apple,Apple MacBook 12-inch MNYH2LL/A computer,laptop,"A 12-inch laptop tested with macOS Sierra 10.12, an Intel Core m3 1.2GHz processor, 8GB of memory, Intel HD Graphics 615 graphics, and a 256GB solid state drive.",False,http://www.consumerreports.org/products/laptop/apple-macbook-12-inch-392572/user-reviews#user-reviews,
177,177,Apple,Apple MacBook Pro 13-inch MLL42LL/A computer,laptop,"A 13.3-inch laptop tested with macOS Sierra 10.12, an Intel Core i5 2GHz processor, 8GB of memory, Intel Iris Graphics 540 graphics, and a 256GB solid state drive.",False,http://www.consumerreports.org/products/laptop/apple-macbook-pro-13-inch-mll42ll-a-388052/user-reviews#user-reviews,
178,178,Apple,Apple MacBook Pro 13-inch MPXR2LL/A computer,laptop,"A 13.3-inch laptop tested with macOS Sierra 10.12, an Intel Core i5 2.3GHz processor, 8GB of memory, Intel Iris Plus Graphics 640 graphics, and a 128GB solid state drive.",False,http://www.consumerreports.org/products/laptop/apple-macbook-pro-13-inch-no-touch-bar-392573/user-reviews#user-reviews,writeRvwMsg Step: : <class 'selenium.common.exceptions.NoSuchElementException'>/n
179,179,Apple,Apple MacBook Pro 15-inch MLH32LL/A computer,laptop,"A 15.4-inch laptop tested with macOS Sierra 10.12, an Intel Core i7 2.6GHz processor, 16GB of memory, AMD Radeon Pro 450/Intel HD Graphics 530 graphics, and a 256GB solid state drive.",False,http://www.consumerreports.org/products/laptop/apple-macbook-pro-15-inch-mlh32ll-a-388054/user-reviews#user-reviews,writeRvwMsg Step: : <class 'selenium.common.exceptions.NoSuchElementException'>/n
180,180,Asus,Asus Q304UA-BHI5T11 computer,laptop,"A 13.3-inch convertible laptop tested with Windows 10 Home, an Intel Core i5-7200U 2.5GHz processor, 6GB of memory, Intel HD Graphics 620 graphics, a touchscreen, and a 1TB hard drive.",False,http://www.consumerreports.org/products/laptop/asus-q304ua-bhi5t11-387894/user-reviews#user-reviews,
181,181,Asus,Asus Q524UQ-BBI7T14 computer,laptop,"A 15.6-inch convertible laptop tested with Windows 10 Home, an Intel Core I7-6500U 2.5GHz processor, 12GB of memory, Nvidia GeForce 940MX/Intel HD Graphics 530 graphics, a touchscreen, and a 2TB hard drive.",False,http://www.consumerreports.org/products/laptop/asus-q524uq-bbi7t14-386679/user-reviews#user-reviews,
182,182,Asus,Asus Q524UQ-BHI7T15 computer,laptop,"A 15.6-inch convertible laptop tested with Windows 10 Home, an Intel Core i7-7500U 2.7GHz processor, 12GB of memory, NVIDIA GeForce 940MX/Intel HD Graphics 620 graphics, a touchscreen, and a 2TB hybrid drive hard drive.",False,http://www.consumerreports.org/products/laptop/asus-q524uq-bhi7t15-388948/user-reviews#user-reviews,
183,183,Asus,Asus Transformer Book T300CHI-F1-DB computer,laptop,"A 12.5-inch detachable laptop tested with Windows 8.1, an Intel Core M-5Y10c 0.8GHz processor, 4GB of memory, Intel HD Graphics 5300 graphics, a touchscreen, and a 128GB solid-state drive.",False,http://www.consumerreports.org/products/laptop/asus-transformer-book-t300chi-f1-db-381372/user-reviews#user-reviews,
184,184,Asus,Asus VivoBook E200HA-US01 computer,laptop,"An 11.6-inch laptop tested with Windows 10 Home, an Intel Atom x5-Z8300 1.44GHz processor, 2GB of memory, Intel HD Graphics graphics, and a 32GB solid state drive.",False,http://www.consumerreports.org/products/laptop/asus-vivobook-e200ha-us01-385911/user-reviews#user-reviews,
185,185,Asus,Asus VivoBook Pro N552VX computer,laptop,"A 15.6-inch laptop tested with Windows 10 Home, an Intel Core I7-6700HQ 2.6GHz processor, 16GB of memory, Nvidia GeForce GTX 950M/Intel HD Graphics 530 graphics, a touchscreen, and a 512GB solid state drive and 2TB hard drive.",False,http://www.consumerreports.org/products/laptop/asus-vivobook-pro-n552vx-387457/user-reviews#user-reviews,
186,186,Dell,Dell Inspiron 11 3000 computer,laptop,"An 11.6-inch laptop tested with Windows 10 Home, an Intel Celeron N3050 1.6GHz processor, 2GB of memory, Intel HD Graphics graphics, and a 32GB solid state drive.",False,http://www.consumerreports.org/products/laptop/dell-inspiron-11-3000-385665/user-reviews#user-reviews,
187,187,Dell,Dell Inspiron 11 3000 3rd Gen computer,laptop,"An 11.6-inch convertible laptop tested with Windows 10 Home, an Intel Core m3-6Y30 0.9GHz processor, 4GB of memory, Intel HD Graphics 515 graphics, a touchscreen, and a 500GB hard drive.",False,http://www.consumerreports.org/products/laptop/brondell-inspiron-11-3000-3rd-gen-387111/user-reviews#user-reviews,
188,188,Dell,Dell Inspiron 13 7000 3rd Gen computer,laptop,"A 13.3-inch convertible laptop tested with Windows 10 Home, an Intel Core i5-6200U 2.3GHz processor, 8GB of memory, Intel HD Graphics 520 graphics, a touchscreen, and a 256GB solid state drive.",False,http://www.consumerreports.org/products/laptop/brondell-inspiron-13-7000-3rd-gen-387114/user-reviews#user-reviews,
189,189,Dell,Dell Inspiron 15 5000 3rd-Gen computer,laptop,"A 15.6-inch convertible laptop tested with Windows 10 Home, an Intel Core i5-6200U 2.3GHz processor, 8GB of memory, Intel HD Graphics 520 graphics, a touchscreen, and a 256GB solid state drive.",False,http://www.consumerreports.org/products/laptop/brondell-inspiron-15-5000-3rd-gen-387113/user-reviews#user-reviews,
190,190,Dell,Dell Inspiron 15 7000 3rd-Gen computer,laptop,"A 15.6-inch convertible laptop tested with Windows 10 Home, an Intel Core i5-6200U 2.3GHz processor, 8GB of memory, Intel HD Graphics 520 graphics, a touchscreen, and a 256GB solid state drive.",False,http://www.consumerreports.org/products/laptop/brondell-inspiron-15-7000-3rd-gen-387115/user-reviews#user-reviews,
191,191,Dell,Dell Inspiron 17 7000 3rd-Gen computer,laptop,"A 17.3-inch convertible laptop tested with Windows 10 Home, an Intel Core i5-6200U 2.3GHz processor, 12GB of memory, Intel HD Graphics 520 graphics, a touchscreen, and a 1TB hard drive.",False,http://www.consumerreports.org/products/laptop/brondell-inspiron-17-7000-3rd-gen-387116/user-reviews#user-reviews,
192,192,Acer,Acer Chromebook 15 C910-54M1 computer,chromebooks,"A 15.6-inch Chromebook tested with Chrome OS 42.0, an Intel Core i5-5200U 2.2GHz processor, 4GB of memory, Intel HD 5500 graphics, and a 32GB solid-state drive.",False,http://www.consumerreports.org/products/chromebooks/acer-chromebook-15-c910-54m1-376372/user-reviews#user-reviews,
193,193,Acer,Acer ChromeBook C810-T7ZT computer,chromebooks,"A 13.3-inch Chromebook tested with Chrome OS 43.0, an Nvidia Tegra K1 CD570M-A1 2.1GHz processor, 4GB of memory, Nvidia Integrated graphics, and a 16GB eMMC drive.",False,http://www.consumerreports.org/products/chromebooks/acer-chromebook-c810-t7zt-383569/user-reviews#user-reviews,writeRvwMsg Step: : <class 'selenium.common.exceptions.NoSuchElementException'>/n
194,194,Acer,Acer ChromeBook CB5-312T-K8Z9 computer,chromebooks,"A 13.3-inch Chromebook tested with Chrome OS 54.0, a MediaTek M8173C 2.1GHz processor, 4GB of memory, PowerVR Rogue GX6250 graphics, a touchscreen, and a 32GB eMMC drive.",False,http://www.consumerreports.org/products/chromebooks/acer-chromebook-cb5-312t-k8z9-388090/user-reviews#user-reviews,
195,195,Asus,Asus Chromebook C201PA-DS01 computer,chromebooks,"An 11.6-inch Chromebook tested with Chrome OS 42.0, a Rockchip RK3288 Cortex A17 1.8GHz processor, 2GB of memory, ARM Mali T760 graphics, and a 16GB solid-state drive.",False,http://www.consumerreports.org/products/chromebooks/asus-chromebook-c201pa-ds01-379129/user-reviews#user-reviews,
196,196,Asus,Asus Chromebook C202SA-YS02 computer,chromebooks,"An 11.6-inch Chromebook tested with Chrome OS 48.0, an Intel Celeron N3060 1.6GHz processor, 4GB of memory, Intel HD graphics, and a 16GB eMMC drive.",False,http://www.consumerreports.org/products/chromebooks/asus-chromebook-c202sa-ys02-386337/user-reviews#user-reviews,
197,197,Asus,Asus Chromebook C300SA-DS02-LB computer,chromebooks,"A 13.3-inch Chromebook tested with Chrome OS 52.0, an Intel Celeron N3060 1.6GHz processor, 4GB of memory, Intel HD 400 graphics, and a 16GB eMMC drive.",False,http://www.consumerreports.org/products/chromebooks/asus-chromebook-c300sa-ds02-lb-387263/user-reviews#user-reviews,writeRvwMsg Step: : <class 'selenium.common.exceptions.NoSuchElementException'>/n
198,198,HP,HP Chromebook 11-2210nr computer,chromebooks,"An 11.6-inch Chromebook tested with Chrome OS 47.0, an Intel Celeron N2840 2.16GHz processor, 2GB of memory, Intel HD graphics, and a 16GB eMMC drive.",False,http://www.consumerreports.org/products/chromebooks/hp-chromebook-11-2210nr-385058/user-reviews#user-reviews,writeRvwMsg Step: : <class 'selenium.common.exceptions.NoSuchElementException'>/n
199,199,HP,HP ChromeBook 11-V011DX computer,chromebooks,"An 11.6-inch Chromebook tested with Chrome OS 54.0, an Intel Celeron N3060 1.6GHz processor, 4GB of memory, Intel HD 400 graphics, a touchscreen, and a 16GB eMMC drive.",False,http://www.consumerreports.org/products/chromebooks/hp-chromebook-11-v011dx-388092/user-reviews#user-reviews,
200,200,HP,HP Chromebook 13 computer,chromebooks,"A 13.3-inch Chromebook tested with Chrome OS 50.0, an Intel Pentium 4405Y 1.5GHz processor, 4GB of memory, Intel HD 515 graphics, and a 32GB eMMC drive.",False,http://www.consumerreports.org/products/chromebooks/hp-chromebook-13-386279/user-reviews#user-reviews,
201,201,Acer,Acer CB5-132T-C9KK computer,chromebooks,"An 11.6-inch Chromebook tested with Chrome OS 57.0, an Intel Celeron N3160 1.6GHz processor, 4GB of memory, Intel HD 400 graphics, a touchscreen, and a 32GB eMMC drive.",False,http://www.consumerreports.org/products/chromebooks/acer-cb5-132t-c9kk-388956/user-reviews#user-reviews,writeRvwMsg Step: : <class 'selenium.common.exceptions.NoSuchElementException'>/n
202,202,Acer,Acer Chromebook R11 CB5-132T-C32M computer,chromebooks,"An 11.6-inch Chromebook tested with Chrome OS 49.0, an Intel Celeron N3150 1.6GHz processor, 2GB of memory, Intel HD graphics, a touchscreen, and a 32GB eMMC drive.",False,http://www.consumerreports.org/products/chromebooks/acer-chromebook-r11-cb5-132t-c32m-385733/user-reviews#user-reviews,
203,203,Asus,Asus Chromebook Flip C100PA-DB01 computer,chromebooks,"A 10.1-inch Chromebook tested with Chrome OS 44.0, a Rockchip RK3288C 1.8GHz processor, 2GB of memory, ARM Mali T764 graphics, a touchscreen, and a 16GB eMMC drive.",False,http://www.consumerreports.org/products/chromebooks/asus-chromebook-flip-c100pa-db01-384309/user-reviews#user-reviews,
204,204,Asus,Asus ChromeBook Flip C100PA-RBRKT07 computer,chromebooks,"A 10.1-inch Chromebook tested with Chrome OS 54.0, a Rockchip RK3288C NSGHz processor, 4GB of memory, ARM Mali T760 graphics, a touchscreen, and a 16GB eMMC drive.",False,http://www.consumerreports.org/products/chromebooks/asus-chromebook-flip-c100pa-rbrkt07-388091/user-reviews#user-reviews,writeRvwMsg Step: : <class 'selenium.common.exceptions.NoSuchElementException'>/n
205,205,Asus,Asus Chromebook Flip C302CA-DHM4 computer,chromebooks,"A 12.5-inch Chromebook tested with Chrome OS 56.0, an Intel Core m3-6Y30 2.2GHz processor, 4GB of memory, Intel HD 515 graphics, a touchscreen, and a 64GB eMMC drive.",False,http://www.consumerreports.org/products/chromebooks/asus-chromebook-flip-c302ca-dhm4-388635/user-reviews#user-reviews,writeRvwMsg Step: : <class 'selenium.common.exceptions.NoSuchElementException'>/n
206,206,Dell,Dell Chromebook 11 computer,chromebooks,"An 11.6-inch Chromebook tested with Chrome OS 40.0, an Intel Celeron 2955U 1.4GHz processor, 2GB of memory, Intel HD graphics, and a 16GB solid-state drive.",False,http://www.consumerreports.org/products/chromebooks/dell-chromebook-11-371592/user-reviews#user-reviews,writeRvwMsg Step: : <class 'selenium.common.exceptions.NoSuchElementException'>/n
207,207,Dell,Dell Chromebook 13 computer,chromebooks,"A 13.3-inch Chromebook tested with Chrome OS 46.0, an Intel Core i3-5005U 2GHz processor, 4GB of memory, Intel HD 5500 graphics, and a 16GB solid-state drive.",False,http://www.consumerreports.org/products/chromebooks/dell-chromebook-13-384985/user-reviews#user-reviews,writeRvwMsg Step: : <class 'selenium.common.exceptions.NoSuchElementException'>/n
208,208,Dell,Dell Chromebook CRM-11-IPST computer,chromebooks,"An 11.6-inch Chromebook tested with Chrome OS 54.0, an Intel Celeron N2840 2.16GHz processor, 4GB of memory, Intel HD graphics, a touchscreen, and a 16GB eMMC drive.",False,http://www.consumerreports.org/products/chromebooks/dell-chromebook-crm-11-ipst-387882/user-reviews#user-reviews,
209,209,Samsung,Samsung Chromebook 3 computer,chromebooks,"An 11.6-inch Chromebook tested with Chrome OS 58.0, an Intel Celeron N3060 1.6GHz processor, 4GB of memory, Intel HD 400 graphics, and a 32GB eMMC drive.",False,http://www.consumerreports.org/products/chromebooks/samsung-chromebook-3-389575/user-reviews#user-reviews,
210,210,Samsung,Samsung Chromebook 3 XE500C computer,chromebooks,"An 11.6-inch Chromebook tested with Chrome OS 49.0, an Intel Celeron N3050 1.6GHz processor, 2GB of memory, Intel HD graphics, and a 16GB eMMC drive.",False,http://www.consumerreports.org/products/chromebooks/samsung-chromebook-3-xe500c-386118/user-reviews#user-reviews,writeRvwMsg Step: : <class 'selenium.common.exceptions.NoSuchElementException'>/n
211,211,Samsung,Samsung Chromebook Plus computer,chromebooks,"A 12.3-inch Chromebook tested with Chrome OS 56.0, a ARM Cortex A72 2GHz processor, 4GB of memory, ARM Mali T860 graphics, a touchscreen, and a 32GB eMMC drive.",False,http://www.consumerreports.org/products/chromebooks/samsung-chromebook-plus-388636/user-reviews#user-reviews,writeRvwMsg Step: : <class 'selenium.common.exceptions.NoSuchElementException'>/n
212,212,Apple,Apple 21.5-inch iMac MK442LL/A computer,desktop-computer,"An all-in-one desktop computer with a 21.5-inch screen tested with OS X El Capitan 10.11, an Intel Core i5 2.8GHz processor, 8GB of memory, a 1TB hard drive, Intel Iris Pro 6200 graphics, and 2-piece speakers.",False,http://www.consumerreports.org/products/desktop-computer/apple-21-5-inch-imac-mk442ll-a-384904/user-reviews#user-reviews,
213,213,Apple,Apple 27-inch iMac MNE92LL/A computer,desktop-computer,"An all-in-one desktop computer with a 27-inch screen tested with macOS Sierra 10.12, an Intel Core i5 3.4GHz processor, 8GB of memory, a 32GB solid state drive, a 1TB hard drive, AMD Radeon Pro 570 graphics, and 2-piece speakers.",False,http://www.consumerreports.org/products/desktop-computer/apple-imac-27-inch-mne92ll-a-392569/user-reviews#user-reviews,
214,214,Dell,Dell Inspiron 5488-7536SLV computer,desktop-computer,"An all-in-one desktop computer with a 23.8-inch touchscreen tested with Windows 10 Home, an Intel Core i7-7700T 2.9GHz processor, 12GB of memory, a 1TB hard drive, Intel HD Graphics 630 graphics, a DVD burner, and 2-piece speakers.",False,http://www.consumerreports.org/products/desktop-computer/dell-inspiron-5488-7536slv-389333/user-reviews#user-reviews,
215,215,HP,HP Pavilion 27-a230 computer,desktop-computer,"An all-in-one desktop computer with a 27-inch touchscreen tested with Windows 10 Home, an Intel Core i5-7400T 2.4GHz processor, 12GB of memory, a 1TB hard drive, Intel HD Graphics 630 graphics, a DVD burner, and 2-piece speakers.",False,http://www.consumerreports.org/products/desktop-computer/hp-pavilion-27-a230-388774/user-reviews#user-reviews,
216,216,Intel,Intel Compute Stick 2nd Gen computer,desktop-computer,"A compact desktop computer tested with Windows 10 Home, an Intel Atom x5-Z8300 1.44GHz processor, 2GB of memory, a 32GB hard drive, Intel HD Graphics graphics, and no speakers.",False,http://www.consumerreports.org/products/desktop-computer/intel-compute-stick-2nd-gen-385913/user-reviews#user-reviews,
217,217,Lenovo,Lenovo 510S-08ISH computer,desktop-computer,"A compact desktop computer tested with Windows 10 Home, an Intel Core i3-6100 3.7GHz processor, 4GB of memory, a 1TB hard drive, Intel HD Graphics 530 graphics, a DVD burner, and no speakers.",False,http://www.consumerreports.org/products/desktop-computer/lenovo-510s-08ish-388101/user-reviews#user-reviews,writeRvwMsg Step: : <class 'selenium.common.exceptions.NoSuchElementException'>/n
218,218,Lenovo,Lenovo Erazer X315 computer,desktop-computer,"A full-size desktop computer tested with Windows 8.1, an AMD A8-7600 3.1GHz processor, 12GB of memory, a 1TB hybrid drive, AMD Radeon R9 255 graphics, a DVD burner, and no speakers.",False,http://www.consumerreports.org/products/desktop-computer/lenovo-erazer-x315-293258/user-reviews#user-reviews,writeRvwMsg Step: : <class 'selenium.common.exceptions.NoSuchElementException'>/n
219,219,Lenovo,Lenovo Ideacentre 610S computer,desktop-computer,"A compact desktop computer tested with Windows 10 Home, an Intel Core i5-6400T 2.2GHz processor, 8GB of memory, a 1TB hard drive, Nvidia GeForce GTX 750Ti/Intel HD 530 graphics, and no speakers.",False,http://www.consumerreports.org/products/desktop-computer/lenovo-ideacentre-610s-387424/user-reviews#user-reviews,writeRvwMsg Step: : <class 'selenium.common.exceptions.NoSuchElementException'>/n
220,220,Lenovo,"Lenovo Ideacentre AIO 300-20"" computer",desktop-computer,"An all-in-one desktop computer with a 20-inch screen tested with Windows 10 Home, an Intel Pentium G4400T 2.9GHz processor, 4GB of memory, a 500GB hard drive, Intel HD Graphics 510 graphics, a DVD burner, and 2-piece speakers.",False,http://www.consumerreports.org/products/desktop-computer/lenovo-ideacentre-aio-300-20-386661/user-reviews#user-reviews,
221,221,Microsoft,Microsoft Surface Studio computer,desktop-computer,"An all-in-one desktop computer with a 28-inch touchscreen tested with Windows 10 Pro, an Intel Core i5-6440HQ 2.6GHz processor, 8GB of memory, a 1TB hard drive, Nvidia GeForce GTX 965M graphics, and 2-piece speakers.",False,http://www.consumerreports.org/products/desktop-computer/microsoft-surface-studio-388050/user-reviews#user-reviews,
222,222,Apple,Apple 21.5-inch iMac MMQA2LL/A computer,desktop-computer,"An all-in-one desktop computer with a 21.5-inch screen tested with macOS Sierra 10.12, an Intel Core i5 2.3GHz processor, 8GB of memory, a 1TB hard drive, Intel Iris Plus Graphics 640 graphics, and 2-piece speakers.",False,http://www.consumerreports.org/products/desktop-computer/apple-imac-21-5-inch-392567/user-reviews#user-reviews,
223,223,Apple,Apple 21.5-inch iMac with 4K Display MNDY2LL/A computer,desktop-computer,"An all-in-one desktop computer with a 21.5-inch screen tested with macOS Sierra 10.12, an Intel Core i5 3GHz processor, 8GB of memory, a 1TB hard drive, AMD Radeon Pro 555 graphics, and 2-piece speakers.",False,http://www.consumerreports.org/products/desktop-computer/apple-imac-21-5-inch-4k-392568/user-reviews#user-reviews,
224,0,Dell,Dell Inspiron 22 3000 Touch computer,desktop-computer,"An all-in-one desktop computer with a 21.5-inch touchscreen tested with Windows 10 Home, an AMD A8-7410 2.2GHz processor, 8GB of memory, a 1TB hard drive, AMD Radeon R5 Graphics graphics, a DVD burner, and 2-piece speakers.",False,http://www.consumerreports.org/products/desktop-computer/dell-inspiron-22-3000-touch-387425/user-reviews#user-reviews,
225,1,Dell,Dell Inspiron 24 3000 (Intel) computer,desktop-computer,"An all-in-one desktop computer with a 23.8-inch touchscreen tested with Windows 10 Home, an Intel Core i5-6200U 2.3GHz processor, 8GB of memory, a 1TB hard drive, Intel HD Graphics 520 graphics, a DVD burner, and 2-piece speakers.",False,http://www.consumerreports.org/products/desktop-computer/dell-inspiron-24-3000-intel-385761/user-reviews#user-reviews,writeRvwMsg Step: : <class 'selenium.common.exceptions.NoSuchElementException'>/n
226,2,Dell,Dell Inspiron 24 3000 Touch computer,desktop-computer,"An all-in-one desktop computer with a 23.8-inch touchscreen tested with Windows 10 Home, an AMD A8-7410 2.2GHz processor, 8GB of memory, a 1TB hard drive, AMD Radeon R5 Graphics graphics, a DVD burner, and 2-piece speakers.",False,http://www.consumerreports.org/products/desktop-computer/dell-inspiron-24-3000-touch-387426/user-reviews#user-reviews,
227,3,Dell,Dell Inspiron 3464-5007BLK computer,desktop-computer,"An all-in-one desktop computer with a 23.8-inch touchscreen tested with Windows 10 Home, an Intel Core i5-7200 2.5GHz processor, 8GB of memory, a 1TB hard drive, Intel HD Graphics 620 graphics, a DVD burner, and 2-piece speakers.",False,http://www.consumerreports.org/products/desktop-computer/dell-inspiron-3464-5007blk-389335/user-reviews#user-reviews,
228,4,Dell,Dell Inspiron Desktop 3650 computer,desktop-computer,"A full-size desktop computer tested with Windows 10 Home, an Intel Core i5-6400 2.7GHz processor, 8GB of memory, a 1TB hard drive, Intel HD Graphics 530 graphics, a DVD burner, and no speakers.",False,http://www.consumerreports.org/products/desktop-computer/dell-inspiron-desktop-3650-387270/user-reviews#user-reviews,
229,5,Dell,Dell XPS 8920-7529SLV computer,desktop-computer,"A full-size desktop computer tested with Windows 10 Home, an Intel Core i7-7700 3.6GHz processor, 16GB of memory, a 1TB hard drive, AMD Radeon RX 560/Intel HD Graphics 630 graphics, a DVD burner, and no speakers.",False,http://www.consumerreports.org/products/desktop-computer/dell-xps-8920-7529slv-389332/user-reviews#user-reviews,
230,6,HP,HP All-in-One 22-3110 computer,desktop-computer,"An all-in-one desktop computer with a 21.5-inch screen tested with Windows 10 Home, an AMD E1-6015 1.4GHz processor, 4GB of memory, a 1TB hard drive, AMD Radeon R2 Series graphics, a DVD burner, and 2-piece speakers.",False,http://www.consumerreports.org/products/desktop-computer/hp-all-in-one-22-3110-384301/user-reviews#user-reviews,
231,7,HP,HP ENVY 27-b014 computer,desktop-computer,"An all-in-one desktop computer with a 27-inch touchscreen tested with Windows 10 Home, an Intel Core i7-6700T 2.8GHz processor, 16GB of memory, a 256GB solid state drive, a 2TB hard drive, Nvidia GeForce GTX 950M/Intel HD Graphics 530 graphics, and 4-piece speakers.",False,http://www.consumerreports.org/products/desktop-computer/hp-envy-27-b014-388100/user-reviews#user-reviews,
232,8,HP,HP Envy 27-b110 computer,desktop-computer,"An all-in-one desktop computer with a 27-inch touchscreen tested with Windows 10 Home, an Intel Core i7-7700T 2.9GHz processor, 16GB of memory, a 128GB solid state drive, a 1TB hard drive, Nvidia GeForce GTX 950M/Intel HD Graphics 630 graphics, and 2-piece speakers.",False,http://www.consumerreports.org/products/desktop-computer/hp-envy-27-b110-388776/user-reviews#user-reviews,writeRvwMsg Step: : <class 'selenium.common.exceptions.NoSuchElementException'>/n
233,9,HP,HP Envy 750-467c computer,desktop-computer,"A full-size desktop computer tested with Windows 10 Pro, an Intel Core i7-6700 3.4GHz processor, 16GB of memory, a 1TB hard drive, Nvidia GeForce GTX 750 Ti graphics, a DVD burner, and NA-piece speakers.",False,http://www.consumerreports.org/products/desktop-computer/hp-envy-750-467c-389574/user-reviews#user-reviews,
234,10,HP,HP Envy 750-514 computer,desktop-computer,"A full-size desktop computer tested with Windows 10 Home, an Intel Core i5-7400 3GHz processor, 12GB of memory, a 128GB hard drive, Intel HD Graphics 630 graphics, a DVD burner, and NA-piece speakers.",False,http://www.consumerreports.org/products/desktop-computer/hp-envy-750-514-389328/user-reviews#user-reviews,
235,11,HP,HP Pavilion 24-b040qe computer,desktop-computer,"An all-in-one desktop computer with a 23.8-inch touchscreen tested with Windows 10 Home, an Intel Core i5-6400T 2.2GHz processor, 12GB of memory, a 1TB hard drive, Nvidia GeForce 930MX/Intel HD Graphics 530 graphics, a DVD burner, and 2-piece speakers.",False,http://www.consumerreports.org/products/desktop-computer/hp-pavilion-24qe-387104/user-reviews#user-reviews,writeRvwMsg Step: : <class 'selenium.common.exceptions.NoSuchElementException'>/n
236,12,HP,HP Pavilion 24-b217c computer,desktop-computer,"An all-in-one desktop computer with a 23.8-inch touchscreen tested with Windows 10 Home, an Intel Core i5-7400T 2.4GHz processor, 12GB of memory, a 1TB hard drive, Nvidia GeForce 930MX/Intel HD Graphics 630 graphics, a DVD burner, and no speakers.",False,http://www.consumerreports.org/products/desktop-computer/hp-pavilion-24-b217c-388966/user-reviews#user-reviews,
237,13,HP,HP Pavilion 24-b230 computer,desktop-computer,"An all-in-one desktop computer with a 23.8-inch touchscreen tested with Windows 10 Home, an Intel Core i5-7400T 2.4GHz processor, 8GB of memory, a 1TB hard drive, Intel HD Graphics 630 graphics, a DVD burner, and 2-piece speakers.",False,http://www.consumerreports.org/products/desktop-computer/hp-pavilion-24-b230-388775/user-reviews#user-reviews,
238,14,HP,HP Pavilion 27-n220 computer,desktop-computer,"An all-in-one desktop computer with a 27-inch screen tested with Windows 10 Home, an Intel Core i3-6100T 3.2GHz processor, 8GB of memory, a 1TB hard drive, Intel HD Graphics 530 graphics, a DVD burner, and 2-piece speakers.",False,http://www.consumerreports.org/products/desktop-computer/hp-pavilion-27-n220-386120/user-reviews#user-reviews,writeRvwMsg Step: : <class 'selenium.common.exceptions.NoSuchElementException'>/n
239,15,HP,HP Pavilion 510xt computer,desktop-computer,"A full-size desktop computer tested with Windows 10 Home, an Intel Core i5-6400T 2.2GHz processor, 8GB of memory, a 1TB hard drive, AMD Radeon R5 330/Intel HD Graphics 530 graphics, a DVD burner, and no speakers.",False,http://www.consumerreports.org/products/desktop-computer/hp-pavilion-510xt-387103/user-reviews#user-reviews,writeRvwMsg Step: : <class 'selenium.common.exceptions.NoSuchElementException'>/n
240,16,HP,HP Pavilion 550-310 computer,desktop-computer,"A full-size desktop computer tested with Windows 10 Home, an AMD A10-8750 3.6GHz processor, 16GB of memory, a 1TB hard drive, AMD Radeon R7 graphics, a DVD burner, and no speakers.",False,http://www.consumerreports.org/products/desktop-computer/hp-pavilion-550-310-387267/user-reviews#user-reviews,writeRvwMsg Step: : <class 'selenium.common.exceptions.NoSuchElementException'>/n
241,17,HP,HP Pavilion 570-P014 computer,desktop-computer,"A full-size desktop computer tested with Windows 10 Home, an AMD A10-9700 3.5GHz processor, 8GB of memory, a 1TB hard drive, AMD Radeon R7 graphics, a DVD burner, and no speakers.",False,http://www.consumerreports.org/products/desktop-computer/hp-pavilion-570-p014-389329/user-reviews#user-reviews,
242,18,HP,HP Pavilion 570-p017c computer,desktop-computer,"A full-size desktop computer tested with Windows 10 Home, an Intel Core i5-7400 3GHz processor, 16GB of memory, a 1TB hard drive, AMD Radeon R7 450 graphics, a DVD burner, and no speakers.",False,http://www.consumerreports.org/products/desktop-computer/hp-pavilion-570-p017c-388967/user-reviews#user-reviews,writeRvwMsg Step: : <class 'selenium.common.exceptions.NoSuchElementException'>/n
243,19,HP,HP Pavilion 570-p027c computer,desktop-computer,"A full-size desktop computer tested with Windows 10 Home, an Intel Core i5-7400 3GHz processor, 12GB of memory, a 128GB hard drive, Intel HD Graphics 630 graphics, a DVD burner, and no speakers.",False,http://www.consumerreports.org/products/desktop-computer/hp-pavilion-570-p027c-388971/user-reviews#user-reviews,writeRvwMsg Step: : <class 'selenium.common.exceptions.NoSuchElementException'>/n
244,20,HP,HP Slimline 270-a016 computer,desktop-computer,"A compact desktop computer tested with Windows 10 Home, an AMD A9-9430 3.2GHz processor, 8GB of memory, a 1TB hard drive, AMD Radeon R5 graphics, a DVD burner, and NA-piece speakers.",False,http://www.consumerreports.org/products/desktop-computer/hp-slimline-270-a016-389330/user-reviews#user-reviews,
245,21,Intel,Intel Compute Stick computer,desktop-computer,"A compact desktop computer tested with Windows 8.1 with Bing, an Intel Atom Z3735F 1.33GHz processor, 2GB of memory, a 32GB hard drive, Intel HD Graphics graphics, and no speakers.",False,http://www.consumerreports.org/products/desktop-computer/intel-compute-stick-376366/user-reviews#user-reviews,writeRvwMsg Step: : <class 'selenium.common.exceptions.NoSuchElementException'>/n
246,22,Lenovo,Lenovo 510-22ISH computer,desktop-computer,"An all-in-one desktop computer with a 21.5-inch touchscreen tested with Windows 10 Home, an Intel Pentium G4560T 2.9GHz processor, 8GB of memory, a 1TB hard drive, Intel HD Graphics 610 graphics, a DVD burner, and 2-piece speakers.",False,http://www.consumerreports.org/products/desktop-computer/lenovo-ideacentre-700-22ish-f0bf-389572/user-reviews#user-reviews,
247,23,Lenovo,Lenovo 520S-23IKU F0CU computer,desktop-computer,"An all-in-one desktop computer with a 23-inch touchscreen tested with Windows 10 Home, an Intel Core i7-7500U 2.7GHz processor, 8GB of memory, a 1TB hard drive, Intel HD Graphics 620 graphics, a DVD burner, and 2-piece speakers.",False,http://www.consumerreports.org/products/desktop-computer/lenovo-520s-23iku-f0cu-389573/user-reviews#user-reviews,
248,24,Lenovo,"Lenovo AIO 300 22"" F0BX00AHUS computer",desktop-computer,"An all-in-one desktop computer with a 21.5-inch screen tested with Windows 10 Home, an Intel Pentium 4405U 2.1GHz processor, 4GB of memory, a 500GB hard drive, Intel HD Graphics 510 graphics, a DVD burner, and 2-piece speakers.",False,http://www.consumerreports.org/products/desktop-computer/lenovo-aio-300-22-386662/user-reviews#user-reviews,writeRvwMsg Step: : <class 'selenium.common.exceptions.NoSuchElementException'>/n
249,25,Lenovo,"Lenovo Ideacentre AIO 300-23"" F0BY0041US computer",desktop-computer,"An all-in-one desktop computer with a 23-inch touchscreen tested with Windows 10 Home, an Intel Core i3-6100U 2.3GHz processor, 8GB of memory, a 1TB hard drive, Intel HD Graphics 520 graphics, a DVD burner, and 2-piece speakers.",False,http://www.consumerreports.org/products/desktop-computer/lenovo-ideacentre-aio-300-23-386659/user-reviews#user-reviews,writeRvwMsg Step: : <class 'selenium.common.exceptions.NoSuchElementException'>/n
250,26,Lenovo,"Lenovo Ideacentre AIO 700 24"" F0BE006SUS computer",desktop-computer,"An all-in-one desktop computer with a 23.8-inch touchscreen tested with Windows 10 Home, an Intel Core i5-6400 2.7GHz processor, 8GB of memory, a 1TB hybrid drive, Nvidia GeForce GTX 950A/Intel HD Graphics 530 graphics, a DVD burner, and 2-piece speakers.",False,http://www.consumerreports.org/products/desktop-computer/lenovo-ideacenter-aio-700-24-386657/user-reviews#user-reviews,
251,27,Lenovo,Lenovo Ideacentre AIO 700-27 F0BD002KUS computer,desktop-computer,"An all-in-one desktop computer with a 27-inch touchscreen tested with Windows 10 Home, an Intel Core i5-6400 2.7GHz processor, 8GB of memory, a 1TB hybrid drive, Nvidia GeForce GTX 950A/Intel HD Graphics 530 graphics, a DVD burner, and 2-piece speakers.",False,http://www.consumerreports.org/products/desktop-computer/lenovo-ideacentre-aio-700-27-386660/user-reviews#user-reviews,
252,28,Lenovo,Lenovo Yoga Home 900 computer,desktop-computer,"An all-in-one desktop computer with a 27-inch touchscreen tested with Windows 10 Home, an Intel Core i5-5200U 2.2GHz processor, 8GB of memory, a 256GB solid state drive, Nvidia GeForce 940A/Intel HD Graphics 5500 graphics, and 2-piece speakers.",False,http://www.consumerreports.org/products/desktop-computer/lenovo-yoga-home-900-386658/user-reviews#user-reviews,
253,29,Samsung,Samsung All-In-One DP710A4M-L01US computer,desktop-computer,"An all-in-one desktop computer with a 24-inch touchscreen tested with Windows 10 Home, an Intel Core i5-7400T 2.4GHz processor, 12GB of memory, a 1TB hard drive, Intel HD Graphics 630 graphics, and 2-piece speakers.",False,http://www.consumerreports.org/products/desktop-computer/samsung-all-in-one-dp710a4m-l01us-389570/user-reviews#user-reviews,
